W1_row0,W1_row1,W1_row2,W1_row3,W1_row4,W2_row0,W2_row1,W2_row2,W2_row3,W2_row4,W2_row5,W2_row6,W2_row7,W2_row8,W2_row9,W2_row10,W2_row11,W2_row12,W2_row13,W2_row14,W2_row15,W2_row16,W2_row17,W2_row18,W2_row19,W2_row20,W2_row21,W2_row22,W2_row23,W2_row24,W2_row25,W2_row26,W2_row27,W2_row28,W2_row29,W2_row30,W2_row31,W2_row32,W2_row33,W2_row34,W2_row35,W2_row36,W2_row37,W2_row38,W2_row39,W2_row40,W2_row41,W2_row42,W2_row43,W2_row44,W2_row45,W2_row46,W2_row47,W2_row48,W2_row49,W2_row50,W2_row51,W2_row52,W2_row53,W2_row54,W2_row55,W2_row56,W2_row57,W2_row58,W2_row59,W2_row60,W2_row61,W2_row62,W2_row63,b1_col0,b2_col0
-0.02378157357375554,-0.11328524527510461,-0.25750500309869395,0.24219531601886365,0.28084603512056544,0.09999898510154467,-0.010548179320625574,0.2291107557923583,-0.13168254032215843,-0.2053677016942709,-0.17376688731515505,-0.08917622211092319,-0.12160490841658654,-0.06875335749781665,-0.17505672325775604,0.16193314355043545,0.24929389916194208,0.08673074032502852,-0.2329896951177928,-0.014020064259457458,0.08144672125891021,0.06882226146289107,0.18616576192875295,-0.12094326805223501,-0.16914741811341447,0.21888124175148518,0.10955738377456375,-0.029722683482149227,0.11067533345190227,0.09173937121691006,-0.121597378726777,0.010092849786666084,-0.16696412642156241,-0.0825428141325468,0.12513980311033693,0.21533096603246077,-0.01292956373409854,0.22535175044633862,0.04244173419372528,0.13808882200950467,-0.02006845700531036,-0.02290659197822241,-0.11852427756259368,0.03734481573233254,-0.07248050067750166,0.10656130715862092,0.1109720299841076,-0.1145838493258487,0.13344954967337866,0.059294511640306545,0.12642585067150897,-0.09290985665483147,0.20058173575766042,-0.004880334822103,-0.12767340757488138,-0.02658535773855558,0.05640657574724413,0.09581726109827732,0.16413186519488213,0.00547914485142121,0.16268857650937502,0.050920258578790456,-0.19504578835352127,-0.18119361042877377,-0.028098938582426666,-0.02567321079508525,-0.03567162963386587,-0.006865494639997452,0.002733455444858228,0.09099492403759096,-0.09952421290895107
0.27765714637123595,0.0028512216717069506,0.03500718764651281,0.07093075571394446,0.08888343958004769,0.13002988309000152,-0.14076879630712186,0.19561401335272505,0.18989380341970924,-0.09125846763082965,0.1974189878036226,0.09592273177912095,-0.08227217610676403,0.1598197371679099,0.02412602430518114,0.012307203522263986,-0.08915871509191868,0.06184271346345921,0.1025729067295793,0.060251019235079105,-0.07942652522300711,0.1589692439882283,-0.02828423538921826,-0.0409304159459473,-0.10877996876567729,0.17765201623343654,0.045415514958531994,0.03978795661258133,-0.013616701132659424,-0.21588478859517934,-0.12452449120341165,-0.2222421898326796,0.19377345624785144,0.08272309957158572,-0.11683702371860517,-0.027017009437631263,0.05408378465009206,-0.07872348670782836,0.23470909022989908,0.17249021825967417,0.24869401816848186,-0.04976552809078033,-0.09923362219057513,-0.1832029029178875,0.16976146080135687,-0.16678816364903143,-0.13693648017661397,-0.08096802034885156,0.13784102781479665,0.027457635458177154,-0.14967919068207444,0.03513531754558183,-0.0644323575252922,0.09344981151063536,-0.018631534045756522,-0.08811666867017204,0.21820147369803525,0.04757899349426903,0.077151938821414,-0.1796410005271743,0.0649086645634005,-0.0496274460244097,0.1945777472438223,-0.23727737436913152,-0.19424624598483206,0.048048895664117186,0.13966328790155583,0.21056533296594473,-0.2009116569424909,0.23142127657187825,-0.015715635496978422
0.18777782070410182,-0.15111679441447134,0.008217692800695228,-0.036552385018001406,0.052234781551267484,-0.08135130460580667,0.16447695895097916,-0.137752611160078,0.012734336555236647,-0.09715087598499578,-0.05354557241769047,-0.16102580021599308,0.037220146751592555,-0.16016095965280144,-0.1001559886913973,0.13217732835499543,0.23021206147598283,0.06306642176950512,-0.00295906863993478,-0.029345782939871064,-0.08326275354758447,-0.09018156581896286,-0.05163155237818432,-0.101392358686574,-0.16622800041677718,-0.1227621645327878,-0.10046098603396701,-0.20055538326798922,0.14556408566954537,0.05349509621291032,0.1384050902741407,0.005323499311281523,0.042843211026278694,0.10213239344290387,0.04678904333016909,-0.15316649954131545,0.12188122752006438,0.21852061483946966,0.21824827223511456,-0.19025820811986247,-0.14657211237381917,0.001396433613171637,0.19722021666479544,-0.16561107099830782,-0.13617505922342124,-0.0014992027443449514,0.06072527946431412,0.03556528785180242,0.03553177518703646,-0.09133915605092004,-0.03271960111670937,0.12846661660520672,0.22400401036927933,0.08900238396766923,-0.11152260786962326,-0.0008747675419241772,0.12575571751180403,0.2203699119279586,0.0956869733934648,-0.00450756534030363,0.026789712329268585,0.22872252008945845,-0.16271224982072888,-0.057879277144925946,-0.010812159283167111,-0.1293236099569634,0.05085874824328453,0.0462738878714585,-0.02949608839160391,0.18318683963722926,0.0799324387167182
0.022841260106568638,0.13755674584802405,-0.14342651533113715,-0.06024607547141921,-0.2226968992766094,-0.16006377549935763,0.0039263507848837755,-0.2053787035795887,-0.10764512506924706,-0.09033485100611814,0.10918646072673577,0.12948029552435544,-0.06258297858247092,-0.20034697822740063,-0.0646733663408927,0.10179083199016883,0.047210168823139415,0.10345177029264398,0.005586785486850825,-0.16708618344695866,-0.06251297346688586,-0.20183050564642135,0.04744656256936957,-0.009843157467881853,-0.05007429623503967,0.16451433880429006,0.07031030041582684,-0.2061937393261777,0.07091593217696035,-0.08292848145321026,-0.02145487840144765,-0.007957178454865812,-0.1229276915330867,-0.007307091088305279,0.21243481324684904,0.026545435094044896,0.1294098811013023,-0.04449727131318239,-0.05253202495600515,-0.2055741428646772,0.09907204355646006,0.02541371163748142,-0.11267239862212698,-0.07749791560668841,-0.1963248793619917,-0.01582473701752295,-0.07731687955619111,0.1656976395522105,-0.1949156082331487,0.15968854494533546,0.05578918411351317,0.07956205225511946,0.20670840836381452,0.046686158107617205,-0.1888807281959888,0.09431427811729232,-0.05683915982912921,-0.09783877796750842,0.15322376101607085,-0.029145241736732184,-0.09222200218207612,-0.005228322261676397,0.19161245350483921,-0.22754761227352693,0.019665278094293498,0.0020766692190291045,-0.1747443269360008,0.0299936453198633,-0.15954928766673734,-0.16076383880451575,0.008932136915760166
-0.21491534099505807,-0.21960937943436762,-0.2782535529069516,0.12526846202605432,0.0368084551079618,0.09746018925091263,-1.4593314156021027e-08,-0.06684636217272337,-0.0039106948465452455,-0.1778594661780983,-0.09229230293290412,-0.16989221618927133,0.02394858145693325,-0.13707674358349048,-3.343945462865777e-05,-0.0917000424182184,2.2766741040367793e-07,-0.0007474403111355813,0.1812982453000383,-0.08779553590044771,0.1979018746512435,-0.11264667695967964,0.12011309343050888,0.07635640654029865,-0.1985618995540192,-0.17019382761774735,-0.0019358434351052713,3.937577680005222e-05,0.1056744425909167,0.12586549104821496,-3.3223964984440213e-09,-0.15821834449472374,-2.0630672141445928e-09,-1.876513841385879e-05,0.1392760053524649,-0.15722548448763585,0.06883504055020388,-0.06342534147998631,0.0005840453824469764,-1.0224210397201482e-07,-0.016725894160202977,-0.2220586219388644,-0.02702292484002475,0.16955344482485904,-0.19675085955160462,-0.055496112255148326,-0.09736330045864552,0.17889037877661726,-2.048935621048803e-06,0.06237615057327296,0.041833321609465526,-0.1563846543768065,0.126727344785129,-5.121104124104091e-05,-0.0006393222257952791,-0.0012642087706755888,0.0005844106893850685,-4.5223648234014725e-06,-0.04967681277379027,-0.0007143107333556435,1.0879935733959016e-08,-0.11048719590359125,0.0045790400107306025,0.04272788072002465,0.032960685342134526,-0.027575721948241216,0.014597004988588798,-0.11557505928645163,-0.17743370687710316,0.2210269509207373,-0.14013939230887024
-0.18824142607661457,0.2755932951050164,-0.041676580894191746,0.20633473237649058,0.2823696202406389,0.1302291453802979,0.22426858916678846,0.18624778636787534,0.2213858585386587,0.18100765707034946,0.09444124023989751,-0.048295661371897974,-0.023573161660446835,-0.18611194355429206,-0.06286265727723067,0.10595738017413951,0.045476491671078374,0.16272143145378318,-0.22493087371814255,-0.06783185901409958,-0.22984262741042327,-0.15489050818176658,0.13280289654575272,-0.15375158344132794,-0.03454279783807319,0.13337735502290987,-0.05936098186109028,-0.20119626512543257,0.05400156377262452,-0.1813317108407266,0.14182541264836476,0.20789143952453892,0.004537064422847797,-0.11227519183090882,0.01114117767692874,-0.04132476732338481,0.027476151621373276,-0.054078506508993235,0.11364041517166516,-0.08549092732551498,-0.021068614201465594,-0.04142063722269177,0.17860737985861655,-0.07220750391873502,0.17486730489403737,0.16935849746509113,-0.027323505358425454,-0.1874306711285931,0.2080804391951608,0.18508359932054777,0.061936377350938245,-0.06498257998275433,0.19082245787345528,-0.1563189074712137,-0.16995652636195133,-0.11753419004588087,-0.13737930968975587,-0.18442059833525928,-0.050424921546836365,0.05604687670049645,-0.0625997968098052,0.1072651180407158,0.10316222947738818,0.005599775759140242,-0.08963058567773594,-0.18663564910528196,0.20923731180789412,0.08342299188348665,0.24241473672725516,0.19230807019351046,0.1639553327671347
-0.21572755561259646,0.16570875977211783,0.2576248021753679,0.1813049266781832,-0.20879086764076768,0.22279429379379456,-0.11273920417360338,0.2771413155664341,-0.010631348322040633,0.064035823375243,0.13390683844569493,0.1383938425523157,0.07403364604365693,-0.11421521576826961,0.09369940449156264,-0.2228951974522924,-0.07153710671135106,0.1661731499324347,-0.0597723684888881,-0.22318423867323645,0.1469978358596158,0.05361430489246241,0.14158160747906348,0.05426915928493166,-0.20904148916532717,-0.05347158220423562,-0.1636709453454079,-0.18375053085025742,-0.15513370346966074,0.025739259806739318,0.16687283757490276,0.1756796478205777,-0.24772848454773239,-0.18947672561487477,-0.1727457588478755,0.023326950815118448,0.1297668286320074,0.04715069016001227,0.030798031315064752,-0.12320301316709983,0.09371987976619095,0.1908953858374657,0.11053347116563729,0.11730532934090614,-0.016821689800771363,0.13363182222228226,0.09296890577542774,-0.1460722455439284,0.061907962613136705,0.20032845782513428,-0.13073402893957964,0.22870954038292357,-0.0559560629329191,0.060288308367110084,0.20713741434618121,0.2116360165036608,-0.25885228817970174,-0.04160333264454518,-0.18820476101554404,0.20480084819738387,-0.1803163377770582,-0.07336876141590862,0.06727637661824601,0.05884343983107922,-0.1257054214270484,0.05631100354526135,0.004056811302780417,0.0650990659231704,0.08989256766546556,-0.0015716349093488958,-0.13707159671322797
0.24588104553053797,-0.1387638272286505,-0.07381194876599532,0.14251819069843225,0.05020642368983227,-0.026408853198124405,0.055536882631008776,-0.10130564119159598,-0.06060645104359857,0.09490248956836674,0.06420274235537869,-0.14092370496031953,0.0947730971768376,0.05470521992312977,-0.10727088351410378,0.02878667641106843,-0.07842837023007547,-0.2456622264491807,0.16969966894940908,-0.100241501900667,0.022970851801991526,0.21922352220488178,-0.009003437514414072,-0.07852881719441926,0.11025013594339575,0.17055054718292073,0.16593104411396586,-0.21568340253841672,0.01819142938109976,-0.005293786680552957,-0.09861908612218902,0.09429636464561766,0.14667503959645659,-0.06909029402523474,0.15674595118886783,0.18386014999499792,-0.050299874521996406,-0.1297494445847041,0.17424625052064838,-0.09026840578913753,0.11850758541746537,-0.0002993732794160311,-0.16866906363112472,-0.0744249196136262,-0.03919529720961454,0.0847503966543585,-0.038635890311989295,0.19420238841338036,0.044455078650227055,0.1390727314336453,-0.21453621696801467,0.16171522623661713,0.06754727018509074,0.05059441508883118,0.11692203305118358,-0.10345667996607337,-0.12420491669863458,-0.10752116784045458,0.16787841977646342,-0.02684048341494447,-0.08099068939406638,0.19904544479023997,0.03678424439110258,-0.11026593536173301,-0.18592339784479714,0.0015714755999494544,-0.059298112555414915,-0.10908623301793753,0.15347667459025266,0.16362008872585287,-0.008093619297124861
0.05383999246270147,-0.2839756863942223,-0.052519477421464573,0.05921510200096003,0.18966885353158497,-0.04260511259533928,-0.2728681834619702,0.025854871497918402,0.277925328176966,0.13907229942781757,0.01468041980534138,-0.015877623510543212,-0.23636430357928528,-0.044692448074375585,-0.010967647389886079,-0.037480109459606996,-0.12061672412751107,0.15489115499160108,0.0271688379719865,-0.09461188404372024,-0.02781279005862835,-0.2193648955782583,0.11298772542812004,0.22411476355981808,-0.15767731814090766,0.1469497448508961,0.06841711662400926,0.32510929892865,0.21409820914394811,0.05094997996056589,0.006931495259569879,-0.043379205509114796,0.394622952955642,0.053231411378626727,0.011429668151177982,0.0063735843505441855,-0.06050237073693339,0.06583955403654945,-0.017764862702866507,0.2080467590205014,-0.1638928608419009,0.05879386640038579,-0.07317168448471145,-0.04502583852508181,0.16513362065112763,0.13500881040643445,-0.012060212942461013,0.11825572406909661,-0.01066227811434485,-0.09624633927478851,0.1586484477049017,0.1837253449185686,-0.1910779228704883,-0.0833653872935203,0.2153379316996223,0.06050764052070539,0.004944873107288677,-0.05953548273498884,0.14725392916395397,0.14292281381581443,-0.01596649917281725,0.022707942496305315,0.2105906426912296,-0.07409436671057171,-0.10908570826431242,-0.07903898102631338,-0.06253759691397569,-0.07990262105590136,-0.005906531975304067,-0.07277306989378696,0.1216580769804336
0.15295994443456093,0.1620024979993945,0.14887745983456385,-0.21300032483173084,0.16143087446192464,0.09135716397636967,-0.03345249998763262,-0.06862434956899002,-0.13031274234781207,-0.03659716132584228,-0.05843833439511673,0.07239042777012783,0.0459456735919484,0.14085711343448673,-0.020766730844437958,-0.175869143955015,-0.15366374677929912,-0.17994457328901184,0.033113152844542484,-0.18481219008576064,0.0572060728310527,-0.17254640358293374,-0.17414280884579383,-0.03783651212746359,-0.03097468787632522,0.10599012179779474,-0.1645776429825205,0.09376991392180145,0.18522668032343745,-0.1995156538007494,-0.17982196462847405,-0.07098986804032036,-0.019034896917828323,0.16929755971755694,-0.19382260774168877,0.07703187617271298,0.10418358351432096,-0.001180937018273732,-0.19344878705002316,0.16182897323354165,-0.1678412660583911,-0.11847133908508707,-0.2386368841448025,0.12419390793151132,0.1260713374436923,-0.03237973176595264,-0.07261072066038952,0.1326462956967555,-0.0784176874481396,0.004198387270817077,0.008502300820496723,0.08243583572925899,-0.20246108542317792,0.0735093956573796,-0.04301424689552636,0.014287706261738612,-0.012756721528034129,0.0006632947173149731,-0.19748516528736526,-0.20258430872447095,0.1846915897222347,-0.008702347545675943,-0.10089269918485946,0.04445817597380318,-0.22224004904457467,0.13980337842793727,-0.17422686070553003,0.024881838626663575,-0.06473673359232644,-0.11158659326793074,0.0022615543032688257
-0.29032772171241145,0.1355271234849036,-0.03927907886672699,-0.19854493226513698,0.10692991883349393,-0.07888560427566793,-0.14931126251891935,0.2451129207037769,-0.15994671417919756,-0.17756406229806998,-0.055165524840072866,0.0674495476824496,-0.10376998358825076,0.15463992679855085,0.07763329808404928,-0.22730806918325577,0.15563048370904561,-0.07205198001862186,-0.0942968940923105,-0.12168220502326317,-0.0386042468613155,0.012069072878854338,0.04129952039799526,0.1386114007820806,0.14152543350084543,0.1287923630456293,-0.09344338606540913,-0.07723689566397643,-0.20493028332613983,0.04097539648532099,0.14741773904789462,0.07080357855132083,0.1648355787514638,0.17586044613956894,-0.18549715146942367,0.24367763431698033,0.024544510663206686,0.1318496247046913,0.16005687179207254,-0.030935305406754276,0.12365296568604464,0.09208016404675186,0.03801195596363924,0.1376863042134582,-0.07632992941707266,0.1687784946472466,-0.14671103473211916,-0.150670583693578,0.20067429007241067,-0.10131870692796423,0.14066794038955452,0.09420455614539258,0.2509004927557957,-0.018211399759522753,-0.10864540759202176,0.01150658200959371,0.06549593628985066,0.19234424187364643,0.06040402738777405,-0.046182599220854756,0.21138865761562062,-0.18557527980956107,-0.030056835350121245,0.22680860288092142,-0.15934577072465098,-0.2629905786697521,0.0074736918279764844,0.1462512809055809,-0.07890486331591205,-0.06347823315965237,-0.05664957017903656
0.3076321521566628,0.15138375587421027,0.2991001334869187,0.20103196528545234,0.1807467820299641,0.16741791303469009,-0.19288313519236627,0.11511670701928041,-0.18211163056034346,-0.005546376928678949,0.1595579537507499,0.03743605352507466,0.17194303709879197,-0.08865820729824106,0.16926076802831944,0.06442845634336242,-0.09246883560885229,0.08510635916005856,-0.09097075379411972,-0.1648840428628808,0.1656702048166156,0.15622173583991633,-0.23744478757797893,-0.001522594646547242,0.07809521080215737,-0.09990057793373244,-0.051221685020818836,-0.1168546047158854,-0.16513575962513488,0.009695208234798205,0.040718779823976474,-0.0027497828544161577,-0.04210879616676818,0.09501134397827465,0.15378801962193703,-0.1891011725041016,0.09517991630231891,0.11743323652822649,-0.050823592498324674,0.1534211460282488,0.04530225272944977,0.11902746667440169,-0.050497795640424566,-0.20611185523457218,0.07067273579298536,0.0689641568982047,0.09508853801310385,0.021649802584834725,0.04953708595636235,0.04703967721017632,0.11746728728510678,0.033613528163156305,-0.10538117750190994,0.04997403103787329,0.1120617302621758,0.03794816548306249,0.1664716636517742,-0.15432702684160496,-0.040316591700774465,-0.18559909900067229,-0.07203297405712385,-0.058104994175858266,0.02827766352325842,-0.2222803091204909,0.21503595128399422,-0.07704865357844465,0.011733999156625615,-0.015874843767089947,-0.20713464645674645,0.23156201900854068,0.05027416630788746
0.22461509605994714,0.15002399549283157,0.2564123522229872,0.033667253513152334,-0.0383609433111302,0.1344010387392204,-0.10697948424485554,0.19388159008974934,-0.13923187409546672,0.03541932411260022,0.14983908347599426,0.047952504403077724,-0.1005950664529615,-0.08925049193626056,0.08563609010488367,-0.09267332514280531,-0.15317992190640953,-0.1879260564191688,0.11147397182865632,-0.0479213353723969,0.14061339123815075,-0.029969923190314968,-0.04816103710542371,-0.20884699861526354,-0.013786480876710616,-0.18313670638053686,0.08278406832963037,-0.10123856675995806,-0.17161406744207927,0.022277495549923566,0.25074927940571706,-0.19712439540268945,0.15232661499953845,0.1295614824870825,0.04347435835962245,-0.0611535648830128,0.2067106345001558,-0.022030454642938613,0.13431870308470933,-0.05457189404061629,0.22193976579926974,-0.00632663107568415,-0.17724733386712138,0.018798529945148527,0.10325629156248602,0.07624483969918246,-0.05611359417762651,0.06620981004842777,0.1573262515403705,-0.085328533981731,0.09741717084461443,0.23569507437061954,0.14992245544088634,0.12381287865480331,-0.10349976571061019,-0.11057607614472041,0.012126946096515557,-0.08251836621572589,-0.12825540000611954,-0.01212577898353616,0.08844060629195556,0.1574163768266795,-0.07316049791183364,0.2009097769925076,-0.06889335511285623,-0.20420090136025779,-0.14669949720802203,-0.08031116694442249,-0.09184584336782345,-0.2676501478388875,0.09426075440385054
-0.18074543693401993,-0.22484275058434822,-0.224109599380564,-0.2606213875872075,-0.2070299538520107,-0.023186256730606408,0.10624058761758845,0.029984780780178893,-0.1325923551768115,0.12225356593916419,0.2205107341427463,0.02801104460210782,-0.003921465970946648,-0.03086478442469054,-0.1136658415612968,0.08008949745026171,0.23931524548591304,0.1470107518946106,-0.07931081508226304,0.03383439611256313,-0.05089062252921799,0.03531770292938881,-0.037040184660044675,0.07851326946061646,-0.10109913947349167,-0.0357829338563716,0.09112203948492949,0.12116003950852723,0.09574676213680082,0.049143993807659235,-0.14971950471826606,0.025818964375959545,0.04874389959163369,0.08888041939030493,0.15620820490285492,-0.0195085824522321,0.1987557103490874,-0.06616093751189847,0.1807692262991555,0.0017579117519997542,0.1413510813675307,0.19415631522408994,0.21596844577586305,-0.16534764253512788,0.06567995495890099,0.15123570131779715,0.00357813078841329,0.07825295156192277,0.006662601661072117,0.11706808283935845,-0.0068993338174052855,0.08192440397868823,0.16735870450420862,-0.13749946241378375,-0.0875421499249388,0.04196695011560728,0.012029163327179682,0.19324070457260245,0.23336140978605158,0.19299360726232892,-0.04724203636228752,0.1520698555475537,-0.034621488045547495,0.06494862071741966,-0.0036363609304029616,0.08848284528925186,0.21957356288284616,0.10044900064425084,0.16747934683227617,-0.2457555792117929,0.17440649138210254
-0.1784088894024435,-0.0011646365998218041,0.15031347490906066,-0.45624101676662443,0.18321600939852212,0.12181526652106035,0.1832878331691232,0.0342028172218319,-0.14278131221857546,-0.012915772718532205,-0.08662634886128696,-0.1394717632963095,-0.10076058588122058,0.06908476379070819,-0.22312249841459872,-0.25428196897391836,0.20810859919820865,0.11708179799073411,0.048846470115553486,0.024774602725197832,-0.14530703708149723,-0.08910518112867807,0.05730126949900849,0.19522253554219424,-0.1264110138888289,-0.09900697442920443,0.03342617798348861,0.02377961559933868,0.13235215602848327,0.08774376997753942,-0.11788771826137444,0.12672098904278653,-0.07082563933166783,-0.1002982948900581,0.13026242235453314,0.027323274914821213,0.27153588149143176,-0.0999118563715031,-0.22369884963743944,-0.12415588123419358,0.20459984874907686,-0.20808570734587528,-0.0010337355448252746,0.07445081756964102,-0.22469411920831053,-0.07337194870436115,0.11333579838726784,-0.07506513435914491,0.11838068442768525,-0.05574532772363547,-0.19452678358594858,0.17516865953271332,0.2641466602344399,-0.2372942775338191,-0.12318660865312848,-0.05561369061469907,-0.17646695613518765,-0.2365373241913345,-0.05909800677667941,0.022435891371393152,0.06432802006998263,-0.06261969743198421,-0.13368555440482893,0.08864885083005695,0.09551785283998449,0.01659922602269986,0.1817869891198795,-0.11988005580295213,0.1282681521855456,-0.23366272202901855,0.2102892456114053
-0.1714954148640877,-0.2136695510310523,-0.07887411901635537,0.15391951022511485,0.19358762968670734,0.10042164745674217,0.024073479824770653,-0.052923579931699126,-0.048244802851770276,-0.06572309171052487,0.07591934907479674,-0.06834214325817047,0.1640818067836706,-0.06917635844108093,-0.12622694379149751,-0.18949387411809346,0.2035138803875574,0.008363323314419356,-0.12494336424502504,-0.16389618395948702,0.08276317504062719,-0.1599754985444137,0.03743255299296459,0.13031015711196503,0.005932075011193096,0.013817051122338329,-0.05013885422629722,-0.17700050299942613,-0.18045171387888928,0.07829215608074533,-0.12431878809664926,0.0677374358319561,-0.19902371341436162,0.1598151756152891,0.0578957915526934,-0.08800636091878132,0.10646076902484977,0.03299207563515016,0.13769975097667006,0.014380355143173195,0.11296860753770226,-0.25412713710076107,-0.0692187440998272,0.09523159758641377,0.042501283062089536,0.05072042497885338,0.0032372415118650257,-0.14430083279010367,-0.18690610885369952,-0.04769370997611199,0.06261532073776953,-0.0012139420464451207,0.2663589004467461,0.06887184269485641,-0.22356274401096488,0.05596165180478724,-0.3039567065702573,-0.1840780677678268,-0.254521022547727,-0.1695839130627048,0.14165051312551005,-0.1193285629062913,-0.03488768300430119,0.12524430038375667,0.22606764374250166,-0.20160460497698135,0.17999918550005514,-0.0935892444652258,0.07471440593078377,-0.2712321727656384,0.1256405887654234
-0.08284723640458615,0.23773923255786586,-0.09526597942375445,-0.2830546096896559,0.2026541884051966,-0.19729611927807555,0.17071336596935505,-0.22542053135435497,-0.15584038602438535,-0.11370780982438776,0.16351366617683943,-0.15770277396779692,-0.02654512571952384,0.029373928559855808,0.011760930317099681,-0.007389530106974088,0.18535616090344847,-0.2428017667821986,-0.00025788317497722307,-0.1632954017618828,0.16144437041051696,0.18101527069754986,-0.0765166790330658,0.11350916882407207,0.19636009984001102,-0.09288795530972194,-0.05528700023990754,-0.1690274756840663,-0.02571554037860923,-0.12561970215060658,-0.12958880205022677,-0.2141027202916523,0.14955870241218266,0.04507554126384228,-0.006800341976370131,0.14710362168100238,-0.10840326217894938,-0.21402560119393768,-0.052281437496314385,0.18355530090961608,-0.11206861308549378,0.09537238561067286,-0.020414767695937346,-0.18971633872006372,-0.003868388400062005,-0.1545665207714013,-0.21329527728401682,0.013058205769199362,0.06457683697344378,-0.1644949611867255,-0.03875284537573777,-0.03813934973757202,-0.13841876923523183,0.01904324493162341,-0.1294682654197265,-0.18300338695445226,0.0010206810156205943,-0.17643130123734443,0.016816418803929305,-0.09382287918014788,0.16829469375172737,0.11802132287621805,0.12605874505956446,-0.2130116191535208,0.021660758100622415,0.052014379483108844,0.1259393950525845,-0.1708090412202515,-0.03768406734059567,0.2751600246434555,-0.03217346678842474
0.059329251806113474,0.10874256549958136,-0.2522709377006241,-0.20761900678243572,0.24665169493634964,0.17740614820584327,-0.03762322595533879,0.1690699304429682,-0.06310349933224707,-0.06159480946904061,-0.12691104616869817,0.1795134241985996,0.051800646639065424,-0.03556625088855772,-0.19987373575437817,0.11121060142143396,-0.12096832189469661,-0.09717623585097782,-0.24970206910708317,-0.2017742737030436,-0.14645497539096622,0.1969103889816733,-0.03771630112997338,0.17668187570525287,0.04048745891407387,0.19861262961711715,-0.03173859636031361,-0.16335870730069604,0.1280531021053808,0.12547181336301552,-0.09951717688619725,0.12105263008029199,-0.04625429076039854,0.022971674257781523,-0.03569932344582773,0.08697020418990341,0.05318605343543183,-0.07195979979228999,0.0012571938748987717,0.046453096980203654,-0.17522774783861061,0.1206748161128289,0.08110901172312054,-0.08598481879928749,-0.11392078989330624,-0.07693003401694463,-0.06207614702945812,-0.1294147671480211,-0.03883554602397809,-0.22507347874145894,-0.1563114928140507,0.10838476797917476,-0.2127655465694544,0.09449546078173152,-0.05393745626407362,0.0443365149134483,-0.04948368489446984,0.024980126325617562,0.10353978358548914,0.018390849590842757,-0.04369260299457532,0.18696248693369422,-0.11238742191730391,-0.16873549094590523,0.0939079964001128,-0.0560540822093047,-0.18388312190887451,-0.13983453715924252,0.1955284930946183,0.16538771402654762,-0.1422576473485197
-0.016284500781129203,-0.09082626313003313,0.07250457169095648,0.049710127682458985,0.0511471808089779,0.09458998548314607,0.03457485001204328,0.2535476900551148,0.0007069215766326806,0.16281503649097814,-0.0434741269164765,-0.031067748739291415,-0.13002193611789314,0.04983327579985444,-0.021448840088001533,-0.2776256083897442,0.07662946108255121,0.036419180067202316,-0.06678021590439338,-0.10660528018602877,-0.03310824632439059,-0.0009713627631834701,-0.0013794999215412818,-0.0905594514085741,-0.13952414591571263,0.014474238046322866,-0.23263857450408784,-0.11609640648076881,0.09910176417929455,-0.0345671011207489,0.3030118317190021,-0.0830797285505222,-0.2827584423495571,-0.1427017292982275,-0.1416186307087114,0.06303354712738177,0.17957673721627118,-0.09439136132238073,-0.04140035821900174,-0.11464219489122394,0.1570684434050995,-0.25467137430741793,-0.17614007639315327,0.14333753111869324,-0.2039294174701655,-0.08406850177945183,0.2844491588092791,-0.12575413101025898,0.011440856478179431,0.20427648192769132,0.08313503736415186,0.19793927940420664,0.13826821247420462,0.0159317500408171,-0.09607351554976892,-0.16856496767802412,0.0326932226221393,-0.09188999545718089,-0.13721791189654162,-0.08525672293380465,0.14455775818156827,-0.07648904695937123,-0.07668168259550542,0.18271090282563876,-0.1914360839203314,-0.14258676520213445,0.09615842158668372,-0.1302290168612773,-0.023716786008945626,-0.0064787410156019005,0.17648662492491227
-0.11226373710258142,-0.24811032403975472,0.05661687167162089,0.11680878258103781,0.020875933484714174,0.15305323416468056,0.1998686585788782,0.2595584405796649,0.0060029413438946015,0.048553373671138995,0.12525238039941688,-0.029280669059471808,0.13931034544342658,-0.005808445052178447,0.05427696145410111,0.040715065156253775,0.14876331703111365,0.22273864226204929,-0.08130556331945933,0.0515517770905574,0.04449526843616122,0.22543311931164647,-0.035372470625378585,-0.1016869080662546,0.07708054778776839,0.1472870930220439,-0.1063124949369256,0.12066589022108681,0.017541079127840472,-0.17833737110799996,-0.0726101764058527,-0.0817345526333919,-0.22641558212310806,-0.0038338059851026527,-0.011744138868805492,-0.05804683603085643,0.08668170317065522,0.22237069299498868,0.19895117966073575,0.0764188641906325,0.0921952452858043,-0.1107122263475316,-0.07670287900143592,0.21964425276851265,-0.19953215308908714,0.20527517348475594,0.09472051537243999,0.20168576633770566,0.09031289662726763,0.13290049712816446,0.1706584225155936,-0.08247307046934893,-0.1266955610136475,0.14051430143702343,-0.1850876111839921,-0.07487256333083064,-0.13643577574080534,0.2142279986854449,0.09304185992805847,0.1540150681166728,-0.077999702657633,-0.000805569855588129,0.08373554721932044,-0.03754618261940668,-0.09526799678335783,-0.045630814945668015,0.08511856483171056,-0.022014600404523486,-0.055879642924614614,-0.2429304681589079,0.009786979860620906
0.11014028626488835,-0.10122209895835259,-0.24358209657148727,0.12197690961808495,0.19068565094275777,-0.04622892143144508,-0.066556229776071,0.279407806390653,0.0898554072799539,-0.030333889823964014,0.0608085973052337,-0.003778901434531646,-0.07239540495446359,-0.038577870323208856,-0.05960380732510302,0.15124624392944497,0.1247555967546136,0.0695307888319149,0.12983861695001786,-0.24478269866928648,0.10351364454290894,0.10143100923529602,-0.0829503843468879,0.07850755387783678,-0.026862317019102196,-0.1298843489799255,0.11142433862588307,-0.09698832190936273,0.03779959578859799,-0.189519081635823,-0.0548110466385623,-0.11961836773399007,0.004566780647406034,0.0013956923256482777,0.13492897004896445,0.17261269414160965,0.13352539939187696,0.046953461107534365,-0.19141012586327727,-0.15059349090254212,-0.16265679037070427,-0.20001441035748643,0.1529766128357541,0.258559076125247,-0.15806480805742448,0.15158932700545003,0.10930936842140314,-0.03760250035053445,0.21968951257928163,0.042287266942612804,-0.011918768661366918,-0.02403698593293139,-0.15243197746820644,0.20679836464545115,-0.1203583685362104,-0.10159824745062633,-0.19538622831365393,-0.01062824869383257,0.0511707389184518,0.14316449034092782,0.23385047553984017,-0.04562888005023072,0.1394882469958426,0.2173693196334063,-0.047858552939625196,-0.05700897779753812,0.17526485979524395,-0.16037510814467296,-0.02659572949805055,0.04127279663639005,0.09717878510363556
-0.17942677643451566,-0.07121783860307591,-0.11846096224042237,-0.16520602108106688,0.05461751713779392,0.15959217397238876,0.1779687837066609,0.009509155467123978,-0.15920973505236205,0.19499587530894094,0.12918371542221294,0.17021600491124028,0.15396660827028544,0.1803180240274023,0.11362126715101427,0.05723639782493943,-0.1720188806501986,-0.11241325933140064,-0.0016782908063527184,0.23664819956221714,-0.1564453979539495,0.1450118768878098,-0.1938707825457925,-0.05293134052181724,-0.1912152369489767,0.1495607102674127,-0.15158922003229844,-0.21985118698713027,0.004501182474287354,-0.07751728002765151,0.09185511889056656,-0.09293387571016007,0.013255488946321496,0.14551332471680728,0.021111405234255476,0.18442808283284723,0.05984680403119615,-0.08618626450843227,-0.010028349906719474,0.1486007496896023,-0.07206295142850157,-0.09459568722262783,-0.04001568972602996,-0.22216737992770857,0.11185635300771658,0.08062908834748155,0.03682976356956727,0.14770830176179833,-0.20281315049866858,-0.1694640808419365,-0.1759307109158888,-0.1378145595921857,-0.07203601416874554,0.0013470599224635598,0.1233850388953696,-0.15820569931221257,-0.03204178813438308,1.8899918935404533e-05,-0.18483227924211998,0.04428281025778547,-0.2240005701839605,0.13463553958321853,0.012582366834480942,-0.05583048955018464,0.07659677613125196,0.16798572484896243,0.09825424224652929,-0.06050108247614903,0.09726218472685533,-0.04161351784405774,-0.019159977405264407
-0.1264045103371425,0.13476228207582122,0.2584699462910355,0.12007416263463021,0.1620148025921484,-0.07590349805455976,-0.16882205946451345,0.1533496657876121,-0.1131323709854558,0.03231955238179903,-0.1548532476163653,-0.15098315431710038,-0.10476861664547032,0.10493012964646554,-0.15481684358656134,-0.15647339602591728,0.1775370893845601,0.07261946273283494,0.1546670522276004,-0.2494267256800578,0.06293228494788598,0.016445449704726247,0.05265175824401399,0.14821356586338297,-0.010862412509594733,0.15641304034165215,-0.016617145861323325,-0.18329629874447467,-0.10869467950598982,0.11162803580292899,0.013865394908067583,0.11295181662401774,0.06711278883546085,0.04412376459970157,0.17548003422568445,0.16847590903126933,-0.005384017612003029,0.040024956259782446,0.08890688807387809,0.010064695904047396,0.22964933729806164,0.08505204802085539,0.02539157617063333,0.15484249640421724,-0.2406305959039914,0.07449820407298571,-0.10185954198927641,-0.1705981562502785,0.16963247525530672,-0.15397143237646124,-0.06846538739944044,-0.08224526601128845,0.1450809366501383,-0.00817248193489476,-0.1949220950843416,0.1592152709183187,-0.11109272562085455,-0.10580295624065149,-0.12002564492597578,-0.04106621061222479,0.06720848594650654,-0.1709955212057247,0.09444466372913071,-0.14278961320028769,0.03748219660516978,-0.1518594889239244,-0.07129591577074801,0.03708276195655582,0.2579602922665905,-0.16974454994140764,-0.041741016447412155
-0.0546999183707058,0.10109890491956051,-0.14267427427114962,-0.17296568181594368,0.19958472280080802,-0.0051628475272024145,0.004238828839061609,0.0032128708066415162,-0.003775923156935093,-0.00014642496331297082,0.00030915725015531097,4.045729738263602e-08,-0.00041258631361591356,-0.0010158011163100729,-0.002532783048718808,-0.0045002229418770875,-0.00019932915511714178,1.3456732477380558e-11,-0.0004566421288107279,3.320765541007956e-11,0.0020696119416786438,-2.5738339637266107e-12,6.525873667458046e-06,0.0018347912053890314,0.003713941765800845,1.0853428697527611e-12,-0.0002461464807921968,0.004149090486770334,4.2325384765111335e-09,2.962447982722536e-05,0.0002047459012173299,-6.14794357670718e-12,0.001602566064945351,-5.067819083207463e-07,-1.3088386043693491e-09,-0.005651405395356499,-0.0006465829903049647,-0.0010307360317585986,4.8148547570377875e-05,-4.689627395940878e-10,2.0009483150184065e-14,-4.585909716911282e-12,-5.535246595310515e-09,-8.632429920161441e-07,-3.1238520310969345e-08,2.877822874733815e-09,-2.6392960729390742e-08,7.830386400586693e-06,-2.956045276676519e-05,-0.0047505446369343835,0.000367259590711215,-1.3655992537628682e-08,4.894068928293769e-09,-1.1056682263050853e-07,-3.992977428128898e-06,-3.6876676407903955e-05,-0.0034257107592412647,2.145908248291055e-11,6.0889309645142035e-09,-9.123419835502721e-05,4.414551770917548e-06,-0.00026935395668916713,-0.004893557063622533,3.739027994016641e-05,-1.2899849143980314e-05,-0.0013732662894312025,0.003071180081687971,3.430902107727623e-12,-0.00013428412044033357,0.001821623296772474,-0.21370720191358908
-0.08035315403528105,0.19496610995280342,-0.18000396364453242,-0.07599909708221783,0.2197141841141736,0.23328038208867563,-0.19172085431411293,0.19919239526160554,-0.10308612224006589,-0.17548244340324104,-0.10861968220697796,0.10964177617782074,-0.11747732174824246,0.2064842818552538,0.14590733886468965,0.2126706904770735,-0.09635496052370009,0.16613059735481267,0.26415675728881116,0.19834044714798488,-0.06615885827420456,0.004150638449585372,0.0714479682714569,0.1297483172833541,0.0619137609386937,0.10636201054781448,-0.17184793214754587,0.04639805200519558,0.11089850890645994,0.1383030019795808,-0.17536414863963964,-0.019699306831562322,0.06246808160683012,0.2350219528672483,0.2310406045884106,0.08256552475281725,-0.0398760386576429,0.03432455888508679,0.204399194971263,0.12942947566785293,0.11249173921950059,0.0025469102408786372,-0.1051368347151014,-0.037980281720117894,0.055363819866845285,0.2242110926105994,0.17403155961565622,0.2779242972465107,0.00543551573725636,-0.134038899157221,0.23789568387502502,0.12123151693158957,-0.068332433033581,-0.06745243196748577,0.19415146046302287,0.21967779277545396,0.09880471736048149,0.1092395385580991,-0.006508862101914428,-0.0779637126206825,0.18881694295181914,0.13276550936905118,0.2106008219552005,-0.07942536921769836,-0.14208468007005473,0.33710687149818525,-0.1592022405616427,-0.02596138277349408,0.16205066275186303,-0.08864789389714198,-0.02832277641857015
0.18012114546946065,0.01768151718162311,-0.025664457562295576,0.059620622689898074,-0.016261975398146916,-0.16976441797593575,0.2281276974370334,-0.04752488596039006,-0.08404426269146442,-0.13981896954492412,-0.08706737927085045,0.03346332693356095,0.03243565270045321,0.045164937454568954,-0.008328753384772758,-0.2557246705751794,0.06493135646579146,-0.18389499848701393,0.0052307178762512575,0.11208062619914037,-0.14416734605409004,0.13854320190779384,0.02741292624527677,-0.07976128801826718,0.025696678085170448,0.11958191216893385,-0.15349559604535856,0.10257477318018816,0.16886700498690768,0.012187688513318714,0.046596683539735846,0.16965243770075897,0.04155044405142379,-0.15464663945601873,0.04197558033431483,-0.16260803660131737,-0.07099546697670364,0.05446538683302246,-0.1676991661703058,0.053469023109414086,0.004165793224201364,-0.09666744042767599,-0.1423187460171611,0.16426679251400872,-0.21897094147036705,-0.013349796567578367,-0.14483534828990197,-0.19560847340968446,-0.17300124962513325,0.20179460114509395,-0.1489379480431019,0.10258535886481142,0.13011289073066504,0.021602058457600576,-0.15334356583981373,0.21334933240429932,-0.1736473919300113,0.1018037094647896,0.21968466598264108,-0.09028659953016024,-0.15598314915341102,-0.1794417872510069,-0.2268469132682071,0.08675815774815936,-0.007653547316602391,0.11943948959132955,0.19255077877482307,0.1830333928198327,0.2003889594328853,0.17617398863828124,-0.013341312273248373
-0.12717580851658303,-0.2456629576755771,0.30121179490269206,0.09850762097210494,-0.04787092435528931,-0.020762339441585488,-0.0019543760668965754,-0.021119902382329175,-0.030522236742015044,-0.10008321275751036,-0.15934891028485398,-0.21589548345158074,0.02155254244308679,0.16601232429357907,0.054444955280034166,0.09360755821274672,0.027498414888822573,0.09507720974194876,0.14054812680323334,0.021715099008943507,0.25154445288713106,-0.1909546250165788,-0.08926092291072123,0.15202961682927957,-0.08458384815134859,-0.140271408742848,0.18727819394616507,0.03920324916265214,-0.008721182159316455,-0.04249636407271284,-0.2117870565595572,0.18451722039766616,-0.1128341435827017,-0.052899918749732426,0.05815221164535428,-0.11980701874727571,0.1594551771886623,0.015296011386012427,-0.11572391778545056,-0.19686289942847313,-0.09764736022522384,-0.11771563300984007,-0.014382711702646617,0.18415828394663358,0.17626817718597632,-0.10806723071964848,-0.054204006611618734,-0.22457270570288976,-0.08348201261172235,-0.08318593382893308,-0.21730158679901412,-0.13389236970822693,-0.1336322673663209,-0.11419461851032182,-0.1938891831793995,0.013827283034404227,0.03217620531611015,0.08531668114965386,0.13542256968875965,-0.05106692663909833,0.1769202573695341,-0.029895014848808348,0.1582598160494639,0.07218315205435338,-0.15553585184326404,-0.008724170013750384,0.23969163363079296,-0.15328609793979778,-0.1304702614588877,0.16363717559316446,0.09071899449804764
0.046416928177756056,0.15824404301112907,-0.17455463441664454,0.18782272647117315,-0.2604798127715412,0.17523596716894266,0.1923339735913438,-0.17645685263093486,-0.19278710548003614,-0.16411530164894614,0.1158086830360137,0.1410285594242097,-0.20819984672593625,0.11157362374915054,-0.045695517199700386,0.00038914738259056785,0.013229240271722424,-0.0038923813665708404,0.0007920907856368693,0.1213559569506529,-0.15374269303240695,-0.22121829212712782,0.13928539532775874,-0.11479627817271837,0.002695323149972327,-0.018247346048407612,0.12069521504832535,-0.07288359198903399,0.0989667222303648,-0.17190911571585074,-0.20979280866625066,0.14248852714165947,0.13626691048328105,-0.21993159449481967,0.07204106008756729,-0.1948732865811177,-0.08561891693100487,-0.043138311004066954,-0.07186516425195409,0.06257512241315223,-0.06796499793260805,-0.10365008752104395,-0.14575126834720623,0.1758173228937688,-0.13604012896358658,-0.16563358004981896,-0.10605962916005829,-0.04047325145812951,-0.01847725643996625,-0.0710185776191372,0.0013292392644544098,-0.20269943375114313,-0.2238442350640116,0.1607771675109909,-0.026861697944609207,-0.17650169377108757,-0.11207246687617757,0.020901145604059673,0.1899804734957565,0.0570440104053607,-0.1592327024998546,-0.04428855424462504,0.19224222187659845,0.15455993577109428,0.022120712702388967,-0.2046016305182448,-0.14990477316206646,-0.01555224574076064,-0.06494019660784056,-0.2417832048708145,-0.2263539992007367
0.09599029444473609,0.1655944244146034,0.11067115982622285,0.04918410769787634,0.020733524732875458,0.16481529058077396,-0.11794592808688387,0.23829709808885433,-0.21338231307628142,-0.19106819960462823,0.08330757130640817,0.16154783700941405,0.17962902263996924,-0.044558605763526264,-0.11119393847108165,0.1342618875538694,-0.10542595017007286,0.21033489137591133,0.04396371745434155,-0.13949616955922461,0.08226572288481585,-0.06542864425157609,0.019341957494309475,0.05981512756414074,-0.24251949640032877,-0.053508461691596974,0.11711550026225108,-0.1044452881918297,-0.16343750602229262,-0.0770153380546596,0.25856583516455595,-0.16064689898490414,0.08392143623423076,0.15607600358506094,-0.19169094246178398,0.04209530242519339,-0.10176098901218224,0.11687695881384141,0.11988596162691373,-0.05394282874881932,-0.02110480953907341,0.008951569176250566,-0.24609777132017177,0.11432413135687361,-0.12509207275640788,0.09797008433575652,-0.035992632850804215,-0.22572710789880387,-0.14125086269710682,-0.21498717700713874,-0.11353060589667416,0.13448486558243572,0.12178679488487956,0.07270632178642299,-0.10380847536057274,-0.0016582839085500323,-0.17677391132582854,0.1572038123789024,-0.049425795185707104,0.05246000863238422,0.10949920036438289,-0.11929200125953164,-0.09209360471555458,0.12035500461038805,0.014806954925636023,-0.16833023076366171,0.009083025702858436,-0.18391349717842728,0.033565037361979036,-0.049852121092138345,0.09309894808673215
-0.17242158306985364,0.1135384242171569,0.14173225631791794,0.02039269108487731,-0.2796367499082004,0.049731839730199456,0.06701536526428263,0.09681966528923615,-0.011373348790762886,-0.07289946604533924,0.03471087439427484,0.04837916787479371,0.0051929006955545275,-0.18515856259564803,0.151766460633398,0.10979021607819894,0.20675053574021257,-0.043896752730104696,0.04738462877446239,0.1072668299133244,-0.012570702479814542,0.11212005849344853,0.001021308183075184,-0.009352959106768886,-0.042777739135421725,-0.15126826757605788,0.0009022588008772411,-0.1530213997279259,-0.026544228915255312,-0.03708971777064821,-0.11941486864975587,0.0032975730817686555,0.015898893502471024,0.20194611541449847,0.024389001355067632,0.09535346170620586,-0.1630541585699077,0.184703533183161,-0.075026343020551,0.10023344333527791,-0.15913422772500038,0.1937901578952517,0.17333099041745703,-0.02068627659630661,-0.09324194670152568,0.09773294694101663,0.24243533921749194,0.11243445437613167,0.017357263067413788,-0.08934316677160284,0.026975815340701318,-0.004829067211574566,0.0890750824486396,0.054641175684192286,0.038105309524137446,0.15330720055241978,-0.06224110837521232,0.15842504493842136,0.22244887301815722,-0.16502594516391714,-0.08758046773158365,-0.024302191465698973,-0.1187243884469165,0.10638477989030215,0.08200082314256969,-0.022341349927915727,-0.16971746499592583,-0.16357652912911527,0.24913304045740112,0.11381232332346687,0.2401931811211257
0.11332217662496163,0.19993271424075634,-0.14249998891816093,-0.24695268743767576,-0.0795848677355221,0.06536465794319951,0.25291999597017223,-0.06149914689634256,-0.09953482487889478,-0.11802535401770792,-0.03985576386001817,0.09416347177096648,0.044129856278060445,-0.07833327982898648,0.12035975497568359,0.2068532500155419,-0.06047373245565315,0.05728532834105427,-0.1807278319564217,-0.20112193970361683,-0.12308854441612463,-0.05594892261332438,-0.16242557191479748,0.09434490480996548,0.09028020122275776,-0.0577512932506379,-0.16140020060263074,0.05044996343748711,-0.2328762939781489,-0.20280516647838745,0.051901115388310416,0.23177824351837575,0.07582575161749705,-0.08667044730445785,-0.1540699054087763,-0.12015271248951719,0.11310980342249347,0.08933376757066341,-0.11701231884781306,0.15324096590295394,0.1494829491532118,0.13702890760384862,0.22525940454489807,0.16733277776166086,-0.12414762658747391,-0.06007721002545866,-0.15087252547595728,0.18796585407080016,0.2135388379675433,0.05059532784002085,0.20654536128100748,0.18886269113995313,0.17093766593919735,-0.060712964438978306,0.1336910492246221,-0.03901427022993886,0.13448016350733288,0.09649412289260872,-0.003454600527904422,-0.06510977880445072,-0.06352102059529192,0.037630830288206886,0.11037592756117444,0.11310807246115949,0.09882881207625678,-0.1676712640336797,0.006004697423526142,0.07382683851774141,-0.09597864646218308,0.060622930695375256,-0.08009127533860605
-0.12712976850708585,0.038957929358294834,0.14413800704531027,-0.04545616842685911,0.0887442799667546,0.012943308926672496,0.03059538315755618,0.13061228808440797,-0.07798353753374146,0.16974789078651484,0.14804304266648682,0.18359318984178224,-0.07207642912214321,0.02613094326440171,0.051025222461106294,-0.09979683810111353,-0.12874591528485368,0.23741358048459082,-0.16785155603936658,0.14705956818292976,0.16109736712748268,-0.022374359802562842,-0.13187729407287282,-0.16994417576970008,-0.08152148315416621,-0.15867975875406462,0.037638813426095805,0.11034835149849487,-0.18385104780094055,-0.14083277810139036,0.005105773384664469,0.1307736973155552,0.12869291244833655,0.18281503422696196,-0.033899270553564426,-0.017333363680904226,0.06500626735660214,0.04541899171674174,0.2101443331299882,0.08039119576585796,0.03417814556976708,-0.2133046532991329,0.13068889370602696,-0.07608549507819778,-0.22153640074356493,-0.18536468527022273,0.0430753099721544,-0.026679650865703695,-0.050049235393383226,0.06276140759559576,-0.1375292365439394,0.06684243558666997,-0.17318792597726193,-0.14865459031082312,-0.10064251217171931,-0.16403836698482796,0.07321896682003355,-0.10105544372786836,-0.09869843866083657,-0.08298438758750976,0.0925323593213012,-0.1986075881264942,-0.07444280956704474,0.18703499329613835,0.17230494660025547,0.02756966814240816,0.0362085592298336,0.05334737836551075,0.1495403915482936,0.29148934129278586,-0.007529021309037082
-0.1786357370090951,0.07999978755437179,-0.07103140653483762,-0.15366579454503546,-0.15603380413220985,-0.07676565394918769,0.10829859689471856,0.10315509595085376,0.007405653501031072,-0.17672818362066642,-0.028142015377002106,0.10717079384512347,-0.021010401176485293,0.07613255804666522,-0.09230084087818624,0.0774267006364152,0.22042223734923572,-0.15115279777506807,0.1560704236650411,-0.037040199645785525,-0.028551047248795914,0.21205931595541894,-0.051710395587668094,0.07371030459216431,0.0556725324370995,-0.209296826246925,-0.03655691887472103,0.057561480164042146,0.08399269877410577,0.031662284547764326,-0.029216470055963152,-0.1911653039215435,-0.017888636865472287,-0.07524819808162402,0.006143828460691567,-0.007342872623438695,-0.025456753535568193,0.05619594532995055,-0.1826821014135153,0.01161772880766185,0.17764566730623263,0.16527853665856013,0.17010461190124285,0.07123890248801194,0.0843264440958728,0.1386786211144117,-0.10458628389592817,-0.13404471413592117,0.13003210851026095,-0.09048722199707394,0.05038930642017387,0.17898874959923752,0.1617338614635756,-0.19802500588637828,0.04263311879073624,0.041443093316782496,0.10452548178336771,-0.19150114267938986,-0.18181183235251455,-0.13282907283901088,-0.004051262485942593,0.04822419224509843,0.16388986212433965,-0.07791171297236381,-0.021843380731205106,0.2066963647164493,0.052873019949504566,0.18164438371036762,-0.021361893075780892,0.15680329516528313,-0.12589125466538953
0.2997454222672387,-0.0523680385448672,0.10831475171824796,-0.12744754055621862,0.07926316525973619,-0.0951570748022001,0.05396261405639909,-0.09234677109988769,0.059370965606007665,-0.00544509922401025,0.11288776501255933,-0.17492224997981393,-0.0029687354569466235,-0.1282329799846593,0.012328300745221859,-0.05331155444597844,0.16700424514858114,0.16027046349364477,0.038153742278604914,0.20907144691724916,-0.004376005062826914,-0.20205294745580796,-0.0674520545721666,-0.03922978152420887,0.12019088820525439,-0.17851140718361097,0.13776832723503812,-0.009218634548784478,0.1975623179309438,0.08171776180193889,0.14363080871037776,-0.21261004931242963,0.11456409986643568,0.14787474284204882,0.0415263506371368,-0.08509646426350598,-0.2162614334911848,-0.143270814368034,0.185705197335173,-0.015213455201568093,0.12466540645923295,0.10714549820995302,-0.1378869271318671,-0.09041048854565469,0.18369729326803091,-0.2329829861246369,0.17618595274063129,-0.03954178454778293,-0.06876836471293216,-0.21559066363306506,-0.20302594550957467,-0.12705556502195758,0.028809567615764163,-0.0606798767424751,-0.018452142149612005,0.12225650180762972,-0.18650708836904525,-0.1508895185537366,-0.22086820665424686,0.11153420482473503,-0.17780296830868333,0.10905874408218927,-0.191560087349556,-0.2407997412183593,0.08575925876774099,-0.0353561115268663,0.16864373555325274,-0.0015221955693261577,0.0698087622427796,-0.13997031233596088,0.02560929159897057
0.3295882529822771,-0.26782091838375655,0.025137446733111215,0.22522173154041897,-0.23086279407844473,0.06088184705103937,-0.04374551507291956,-0.18965745034195838,-0.2237093405993065,-0.052289618679746415,-0.04744217921032,0.01379397916449938,-0.1667770249011795,-0.1700738297920716,-0.0830739326985124,-0.03521220949006594,0.13573537530534016,0.06138791626068424,0.12303179710065702,-0.03333205759330249,-0.06568819982776632,0.04368414363925748,0.0065153632963829665,0.021479795347204653,0.1823038271302641,0.18239174785746606,-0.1884850946487158,-0.21740591865870013,-0.20255638931787728,0.19006360871987266,-0.22801147997327892,-0.03402064372998195,-0.01392337082159252,0.0903310200244142,0.17207127559420277,-0.1970476622480995,-0.06793546619267661,-0.0731964166831945,0.0543768124719281,-0.16703428839819126,-0.1443849808727489,0.1141394791922408,0.17580985570547036,0.047271065558116394,-0.14037336439291623,0.06773561398232475,-0.18911024091483333,0.07620862232544777,0.04485416552499998,-0.07062348372422042,-0.07436501841307498,0.0634395747266907,0.0022936000443423976,-0.1890341750512017,-0.16483412538102343,0.11131558895161192,0.09300885828509386,0.04381697979367014,0.06892445747665295,-0.22310060676510776,-0.1589059058591876,0.09466918457242467,-0.17796517669135073,-0.12115380132436016,0.04832398357758679,-0.06306335597302497,0.04901373244501932,0.17140873056460806,-0.06178598094604921,-0.28997980239442067,-0.0035718564060903397
0.18988457128009137,-0.2089030306834032,0.007705327558064456,-0.057201159534629044,-0.20271794589337222,0.10097335109231889,0.036319189716016186,0.06406556752531828,0.11856437055299089,0.20188155082300602,-0.06928105815247233,0.023992880254117093,-0.14977121598640922,0.1296534257159334,-0.19310652524630265,0.05719009100535916,0.11075064135371092,-0.20733856926609814,0.012519384380286413,0.08064892804532037,0.0373546475329143,-0.032704014987175144,0.011426575616627398,-0.17075647368234897,-0.11152612634038396,0.01775793254649931,0.0009018487732270758,0.1751338262270119,-0.04156555938338265,0.18198036236486834,0.05934472847912811,0.15554776847682822,-0.07301196296799407,0.11285617038855025,0.026160772997096057,-0.03391322633366386,-0.1060310663276304,-0.18765628145827767,0.13817055679832713,0.10086106691089268,0.07723383198559768,-0.020975052318108183,-0.1535100542040148,-0.12345556602261948,0.08097501192784692,0.203670684710535,-0.048305068602066785,-0.2089999531671797,-0.09341166812654603,-0.10447861849181174,0.13930147307505936,-0.124306788421243,0.050566546257022796,0.026732321569216778,0.03933711945675479,-0.1679132858541464,-0.10073937636094789,-0.04461103730525552,-0.021129985951702977,-0.050628031853028894,-0.060069958294016394,-0.15988719715532815,0.18720889475771804,-0.14335579973881443,-0.131940752562072,-0.06131844811169661,-0.006601422434306139,-0.18388984879627357,0.0119203669938774,0.17935277646881415,-0.057066888679613154
-0.0617889926718036,-0.24708799541144938,-0.23576073826342225,0.23955304115578302,0.18288300949006583,0.14312277398904466,0.07745814357357902,0.054138981075966736,0.07236110680276116,-0.13935223773621258,0.005712356616495791,-0.017740790145530188,0.19227043560830454,0.23623350369621834,0.19272048317348062,0.1486547825078693,0.10360157423545187,-0.07241370366338838,-0.18707027170409268,-0.025701241109060077,-0.148120857528602,0.18995835383667686,0.06671862794819788,0.12789668827034706,-0.05406149253783641,0.2123739714518944,-0.15084857214725322,0.13605049371359937,0.12925959327745046,0.06664185832814887,0.23875939167080545,0.0436300945561143,-0.02268752903446277,-0.18981809040273587,0.12487137464974757,0.13402638912848874,0.11947373058354828,0.015533931367893772,-0.07566785820653085,-0.08537459801656253,0.022172836297717345,-0.041931181179677354,0.21729971625328834,-0.08858658666024678,0.10568130278914625,-0.029003741709174285,0.1414817180867272,0.04530854084450836,-0.11937053190122157,-0.08187243573720901,-0.024080775037312097,0.24110016182370414,0.1962931428344898,0.17390684706535525,-0.09369336925266157,0.09544068363946105,0.08554192267723035,-0.031289595089063225,-0.0868487373040129,-0.13493019501735729,0.13392551871809,-0.12239227559011963,0.07706066461849863,0.10252892724786561,-0.2076692528924358,-0.17875241709909334,0.17285990648599187,-0.14544984260885116,0.18248315491189301,-0.28708706071649537,0.05723069474716766
-0.20021489722271318,0.112255238032724,0.21567329655982417,0.0946287826991085,-0.06693355295989402,0.1288736499399357,0.21506765212547502,0.158832892409335,-0.1607178543034026,-0.030366840007031524,-0.06860977957415788,0.10605403012538679,0.22787549665889906,0.03185945613454016,-0.14933604550300072,0.19157822747238729,0.055765280162030945,0.09339724954099009,-0.22321398549360405,0.041987394262342256,-0.06731417609462523,-0.10460171244081268,0.1381176360364325,0.17524662142094063,-0.17460032125276742,-0.02221009938113925,-0.09657322697430544,-0.09189947963184844,-0.1292480722664266,-0.02824090954437345,0.06316246823641052,0.016101953129677212,0.11006340610933663,0.21646114396313004,0.012278212958965444,-0.15700023801997232,0.0907281316425908,0.03747743111932856,-0.20362751570240784,0.011452263507182193,0.18999577934158698,-0.09665376039669615,0.22736877693491495,0.21914516319232938,0.14995650979167183,-0.12266407593579803,0.11993218991341009,0.046168058832378865,-0.11929988625475944,0.2336753811968628,0.20947023496108622,0.1078585830084129,0.07259606704454168,0.1681523312860848,-0.009817243098800587,-0.1038627707175137,0.04259538763507778,0.17070409191085278,0.07615107128160493,0.1597588600697252,0.186547602819047,-0.08134052542480433,0.14319669763448975,0.09032955853215498,-0.11844978790940373,0.13985260375965203,0.2249518243399205,-0.16731522691659154,0.16899574573852588,0.10740373340937687,0.2176827761087385
0.15463664134912852,-0.03689973982128029,-0.052025184542688896,0.15956426251514108,-0.17562769932890793,-0.18748904060120278,-0.17014359946713875,0.01958390093130534,0.17378240187567137,0.19514540853495974,0.10817035330613237,0.19498142114951436,-0.0436835182036104,-0.13960440856892203,0.19357392523875008,0.09682990716397248,-0.15420256701761498,-0.18917505022067174,0.05460184836539522,-0.22989515933386623,0.1862404375293129,0.08575026082956598,0.12778681226666472,-0.12426146936526622,0.19184339571163242,-0.09619266863586425,0.08738855903865154,0.20427137739813264,0.004742780556308019,0.045456020467373355,0.2237978322344292,-0.1704058272367471,-0.09377679629396513,0.09921559254380158,0.06184291892628509,-0.18320730435594348,-0.046937074037758895,-0.12115005987593808,0.11485909140805796,-0.10967279173257465,-0.13762550170814386,-0.2054563621756707,0.10115648726308582,-0.16252949400713537,-0.05041911285035706,0.07245178928693768,-0.03914502192580564,0.04988528026140396,-0.1710614965223286,0.04912950775598426,0.0072620729454492385,-0.06562833170323397,0.03230813866787481,0.0639619566026153,-0.20056105282330539,-0.11418073257540687,0.18685750810223786,0.16505624296467247,-0.11980336116171124,0.024243605971082417,-0.17523058216625212,-0.05502790219838725,-0.09387394733891323,0.04462856955917376,-0.03817449124146544,-0.06064600301632027,-0.21225516255003646,-0.1272550499499433,0.18098206556964042,0.3408456420968873,-0.11224611576797369
0.05715657997554008,-0.020364592545913017,-0.2711136234205253,0.002247642983713036,0.01694513011212395,0.013646276064591602,0.006076705545256505,0.2209270632343803,0.28675952639858915,0.09089217856262043,0.06030862762114426,0.26912381831138005,0.04617547699808822,-0.017190305761217044,0.07033035945941805,0.11059334713780054,0.07673283756213546,0.1328050155183745,-0.05369075650996534,-0.07625608162861673,-0.08378336081491183,0.1953189985323454,0.14330545940866554,-0.04025641035461459,0.2694496009987282,0.09765712484460226,-0.03636871516658889,0.31644759328808675,0.14845332520409948,0.171995599382032,-0.0959909868274671,0.15950186792756013,-0.06647611557346533,0.03771568486818329,-0.04730898125739417,0.005408218428554411,-0.1297545740220137,0.22021833867324667,0.3283453973793468,0.06073000058637063,0.16003077159712378,-0.06961775317393978,0.36628306815827594,0.02074637532323072,-0.018023090013601265,0.19683900622043946,-0.025508561105044156,0.015948122170092307,-0.049741292934920335,0.037752282879458005,-0.016257944980115575,-0.21428713385058198,0.21747967196128126,0.05034626850686945,0.09407243570696534,0.30175242937093155,0.014723654387610809,0.1873029766979714,0.12053829048908303,0.05338072598486197,0.14877775076843702,-0.04434816697588196,0.2980272670354225,-0.15778604896553058,0.06413197102241357,0.05686538950115187,0.20467555421204658,0.09162370284476909,-0.09961768256558377,-0.05871997373318304,-0.23593577185586104
-0.17827624545901524,0.28245765872577683,-0.25937468439269346,0.048968152595780017,0.15414846876542626,-0.17958695332837096,0.23653265106096438,0.06645619096004456,-0.17421503530737037,0.15590374791385872,-0.09423955766936326,-0.005850494308600353,0.09358097430598669,-0.1867854195271004,-0.12394976041611128,-0.0483991374336398,-0.016918533542136602,-0.050562358099132926,-0.14873812725938337,-0.14383291574664003,0.05523108813604874,0.22143752607234898,0.21561446515647426,-0.18380515364724784,-0.004080484548213369,-0.021006240807302946,-0.053645215927124845,0.043066328049519834,0.048265115287327735,-0.162168076277543,0.0015462480492599723,0.16226152716430645,0.07840491760894597,0.16211574238380994,-0.08921774440235519,0.21449846917862145,0.2525797534359704,0.19749804606256968,0.11857349792959573,0.06785786536999523,0.07671100481707534,-0.12256949005208963,0.051573316729478645,-0.08217806854211888,-0.07699687817654417,0.017046728081420482,-0.01157563516230763,0.0974669174485953,0.09631323014130969,-0.005254837451019124,-0.11532290802482165,-0.0881423615672101,0.14483642368139438,0.16678694125546212,-0.08059381799027802,-0.08675887155915035,-0.17924024825172669,-0.06793245262951754,-0.03703548527782189,0.012528908467485465,-0.14814138019126438,0.09889589094992551,0.04220655478489095,0.12936044503590466,0.14354891893397592,0.043417597718175514,-0.15065726526332449,0.08925214998819535,0.12187575918417093,-0.03056706692200016,0.20180108295010418
0.02344547588828243,-0.11564316040756181,0.08842094833290025,-0.025285991261835394,-0.11615104613253166,0.016902827432110103,0.16407307506156127,0.019261325303753987,-0.08729809468340428,-0.12463355922180841,0.16377298954724132,-0.20284207992404543,-0.03731826011967683,0.15716016596623014,0.005458477455339772,0.09521629768197795,-0.11429475736556864,0.028528429949953978,-4.637602516326919e-14,-0.14578342666013322,-0.10944354429631288,0.07904310861313993,-0.19962080784954014,0.006705193979844026,0.11157953053700491,-0.16553173041430824,-0.06465659330059403,0.08101835934005219,-0.12182151238230228,-0.035164110634350286,-0.09102884613801768,-0.08660840937110649,0.15518167485843765,-0.10274888583007628,-0.10256777062203944,0.0708804258186782,-0.04362078298932599,0.0689651975743226,-0.17740319172727045,-0.21852984598654945,-0.0603299349208011,-0.021900989107769126,-0.1401780678663873,-0.1972424558199567,0.10427479526960537,0.20850768639732062,-0.10539156134536982,-0.19021370372240423,0.2027335907951189,-0.13814573326445287,-0.0805024626792179,0.06023305974674534,-0.027616243512744124,0.16223979157188453,0.13321055635105453,-0.12237887021573837,-0.14873726554586145,0.07929604836477483,0.15057236991941478,0.07765055751880949,-0.22338528359297746,-0.20583104615824846,0.02940083069159628,-0.103214000509364,-0.14599693463648653,-0.07442289370238872,0.03910618932281931,-0.17157839269525946,-0.1728131401365934,0.19225501066778913,0.020265743365538644
-0.2714227848262707,-0.06468707651212316,0.12858158106518738,-0.1804134978486984,0.10615948568044316,-0.011819252962332832,0.027568639974143563,0.21848672550173465,0.14325897960949682,-0.11132699690045705,-0.02700928916050036,0.22188956526084663,-0.17135705322621284,-0.13655028769409558,0.16769632087836583,-0.1425145063842949,0.13917255422463512,-0.1839848933261942,-0.21398545797359236,0.11043244594977791,0.10556999474654385,0.030288492339578827,-0.11594750757151844,0.07205456921179379,-0.0150188048295932,0.060767641601286525,-0.018516854489502656,0.1360993590959231,-0.07520096800226858,0.1396560404370432,0.1400961224320915,0.14802288005162162,-0.19839285049484814,0.1784373784812283,0.006175990101751518,0.09824187407774139,0.13393979603663153,0.04412953146989942,0.11908087227089577,0.11385125782821973,-0.11969311376598807,0.0943333789220831,-0.00640969899479594,-0.15242324971564017,0.12321128900121467,-0.20845039032949067,-0.0831258792954879,-0.12891843066324762,0.16021185785432143,0.0636373126512891,-0.053013676943157624,-0.05746729557504344,0.13736029774129505,-0.12627345620511912,-0.19684571487656216,-0.19674679506878293,0.14080377881646425,-0.09192691661780401,0.16492463628813675,0.2048219817674647,0.09387310582428514,-0.1742124755528608,0.07197142167028767,0.10973520811807277,-0.1710559577607491,0.03147542387426467,-0.04999840620676316,0.21918337146428138,0.006555281973740972,0.025932539850803703,0.2275508449628023
0.28036260098189253,0.17596793761191398,-0.22854425459753253,0.11827889130418276,-0.2671342684352327,0.14122727872681182,0.02538956270248548,-0.07218227486108096,0.08586620583638058,0.047521899020858245,-0.003997626872194099,0.12454805388472161,-0.17279740067156732,0.0020353940752294722,0.0759797635200444,-0.1988851907284134,-0.029408784780227182,0.135083534023516,0.026625726870308064,-0.15258260421923195,-0.18730375445995057,0.02394147005536439,-0.23393963876499413,-0.007241535810940272,0.03671881076079439,-0.1455859503167866,0.09796664189058453,0.04122032897774233,0.10363099303212375,-0.06827678975328902,0.18365320197962448,0.17584208869906456,-0.1373315539387392,-0.1917569012361354,-0.2170092100339841,-0.08353947362461517,-0.18415415985753655,0.1416092997197382,0.09112865307998219,-0.10322876830421845,0.04523724134656164,-0.038548740527782115,0.015987877187503902,-0.16449377365681,-0.15608481649427844,-0.016076344330718428,-0.030266049692032043,0.1364814218559787,0.0555882340376923,0.06280417985351633,-0.20842268214590706,0.01306678252903791,-0.07648982991007913,0.0804640610914112,-0.05351998100164637,0.13636130158699,-0.009994606888153224,-0.15807732426673846,-0.03351420093215763,-0.14936168303073824,0.016966931394041308,-0.06740229151805364,0.014731249031828701,-0.005413516029612808,0.17992693665957088,-0.2009437254165729,-0.17707628082754526,0.1250281150402525,-0.005716004574168857,0.10055273841973594,0.013897340630164366
-0.09035750793496211,-0.10646404464945605,0.0028343010822911045,-0.120037762413361,-0.22648592053850333,-0.05944847613516177,-0.04396318122285999,-0.10623578772656099,-0.12243234715083304,0.20583838469717083,0.19760381549235853,-0.12813064768432256,0.13497193547294328,-0.07766912816499784,0.14183873862659954,-0.08165502653720003,-0.12735925742171644,0.22080396305454048,-0.14078003714008758,0.15494392420474556,0.18490276156184723,0.19061247323729158,0.08351854364806426,-0.05891626643814907,-0.20970644969687927,0.0532389613393496,0.16316399222580164,-0.1632285463272843,0.022906405918962137,0.0356788884463372,-0.04583745584392651,-0.06938399691982547,-0.20271965272771697,0.11648555754885336,-0.1273145813577176,0.065316633708794,0.05862757529797593,-0.13709826653826798,0.07474301718553406,-0.2302433669805912,0.14246303369377172,-0.21021959048032934,-0.13296650439711055,0.22252239687533443,-0.05931861433237123,0.09073864797863969,-0.03609685447876361,0.10104864530334115,-0.1365387307096586,0.13530087158411988,-0.05825322506588836,-0.014178305311484741,-0.07990994297951289,-0.08456337009923183,-0.025232150219651407,0.15952479121337795,0.124845204177179,-0.12663274944079644,-0.03394208459575719,0.17097525248379167,-0.10199383518053055,0.11890020639294621,-0.0396874818585531,-0.025422370658116922,-0.1917360083674173,0.09693795952527284,0.008754987869958467,-0.060030905214416466,0.023415669496138315,0.3931285400067223,0.1959763481259377
0.14475398823305077,-0.24996016581454186,-0.13871201797042154,-0.27048629457722073,0.008785565218436889,-0.15732606173523853,-0.10131472115720383,-0.20035739814995637,-0.12627212657071687,0.01665323046792152,0.06151191824116805,0.17255494902220841,0.10559731414165333,0.0445976934051954,0.0748642119638758,-0.12377061239564825,-0.0957834005019315,0.2103481375624817,0.08849902555240288,-0.11792511158392495,-0.03847146650998953,0.03478603413163132,0.17874771332504594,-0.044379663813635284,0.09545207343478186,0.07770556886437101,0.16564800369802268,-0.06612934932971348,-0.21733026639008057,0.04712660729329641,0.09963902981884915,0.005298843880464075,-0.1080112203359355,0.029300917505135235,-0.11799910592546076,-0.2060899230436923,-0.21889478723175682,0.0943557867872678,0.11105178527686255,0.012433572744618478,-0.10909237335610518,0.19498868467955505,0.04115505592450123,-0.080456292135891,0.1715442503053421,0.15060732626971574,-0.10780917443021665,-0.2469525140140494,-0.0860508657557607,-0.1647526441741023,-0.03844716841473209,0.07259002225374678,0.03269798781021747,0.14506670271169103,0.10438011946159743,0.07641452496116288,-0.12100825154910315,-0.06214169728205922,-0.03471481703875675,0.1959257792695742,-0.10202738913859012,-0.15133825716931512,-0.09261459477470953,-0.17732484918494507,-0.039405299779938494,0.18874425334301237,0.031680994443266906,-0.17247478652296827,0.009023767701555517,-0.013804010081587515,-0.019387028777298483
-0.08542048790842058,-0.10223404319752832,0.09565139083644221,0.10793705617127168,0.07664167250353235,-0.1532027868738427,0.037105170392707526,0.17125103696199973,-0.039775611148494705,0.06058625127146518,-0.13591190998428918,0.13460864698176409,-0.162111884330267,0.10797445638747309,0.0831081368290169,-0.06742683941268716,0.11529467673272627,0.0920126207356226,-0.20412289409078888,-0.17387749360188237,-0.14480471488252813,-0.12527396746441272,-0.048930305227902,0.05630840542183149,-0.20643300883235863,-0.13758903468259653,0.08934396003888671,0.154092005096532,0.1547387537307947,-0.11397282216886803,-0.08660872128136608,-0.08865999012820429,-0.09266115117278294,-0.1678627807268617,0.182474329887777,0.10277399272107471,0.09483968196683343,-0.12542484556725697,0.14065721132687994,-0.19246557299940942,0.08303405404296188,0.175490483756393,0.1975149615563938,0.24164567004171736,0.12577163513572787,-0.15084481086016846,0.1043079207023252,-0.1071200501721568,-0.053693052732862484,0.05677698655919108,0.07953117253538255,0.23265258457237384,0.2700557863332256,0.19543505282747828,0.003255864231664521,0.1169992245940117,-0.060101988439466146,-0.03388002852309583,0.1604217981271502,0.1510188392407059,-0.2061348187327855,0.07356369006353097,0.07272238014236697,-0.08964395562030524,-0.022741675293913948,0.007131419935172892,-0.0016861591333161166,-0.10435677031449231,0.25836341891174214,0.4188469297169085,0.18223189090101263
0.06504721045510589,-0.13099872042583224,-0.1459585353259256,-0.1644452139838722,0.07236646053040414,0.12175141150806332,-0.017997033377221607,0.09505177057999316,0.009630694435607033,-0.07777797986654313,0.2095640532515171,0.021124592998043038,-0.08661182273249701,0.16356044990326116,0.16245335267110467,-0.12880732598733205,-0.1409693387806344,-0.146559800337738,-0.04423535405816373,0.08809533406401007,-0.1966499603361241,0.21697086439479704,0.20473324112142544,0.020982883780270693,0.12075366269224559,-0.18482091725337677,-0.08245853369451515,-0.11706218945786223,-0.2015834443981911,-0.05520621396384515,0.071636103710125,0.14995203296895443,0.06591753806266634,-0.09204274911349844,-0.056176941222739155,0.203865947669918,0.24334704913878946,0.14753466913071728,0.06189443195181464,-0.08831604171207834,-0.01506888609702148,0.11393106502383503,-0.11230273703847025,0.07811814413491197,0.20921365174134046,0.125562775438933,0.23690247321338695,-0.11941157903832614,-0.08068582368078385,-0.006074006731787799,0.0722220847917029,0.1678928900220258,0.21930083024339658,-0.2034606587496604,0.06945577689023037,-0.12884519734015745,-0.1949618477365391,0.1539207388790038,-0.04921840803919609,0.06686742139266506,0.17115032251920959,-0.08311411236861697,-0.12496003198992467,0.17398571929306184,0.008331304549274816,0.16978574571768837,-0.16415773409767795,-0.13386533227058603,-0.11451436338514778,0.3239272369677108,0.2262459462028871
0.0752500566325267,0.26694424605958633,0.14207100602577666,0.25209087037380024,0.1752665192675627,0.07210748333164022,0.08144432148799292,0.14169568475763947,0.04957732027591161,0.13761795766322882,0.08230859908153078,0.061921042364509155,-0.09488814650450794,-0.10546304422640856,-0.09332071478383638,-0.21913678368030853,0.1982890328094381,0.1406376121261865,-0.21372044428520598,0.04237855892557952,-0.15102474301217134,0.10170423877846353,-0.18595872580451422,0.2353312533973886,0.10128389200044428,0.12142115503970524,0.0903228502332456,-0.04260989975711314,0.09291598926098193,-0.08792139406104861,0.021076513593989866,0.0586230286579411,0.07162969976126421,-0.18903822306668777,0.012118339031252107,0.055940736168497006,-0.007651117217350611,-0.07708205576827191,-0.1529621206169541,0.09541923833349614,0.1283408538100992,0.20101953538924514,0.15248340596710494,0.014513698347124283,0.09900029096034504,0.019300433887146747,0.07950367988389202,-0.09391917087309098,0.02443863497610636,0.1907138871338448,0.10104269182733867,0.15882278574113273,-0.032670419945638095,0.189453239254393,0.13409430421932958,0.008093019929386967,0.175627420507867,-0.13426502500300638,-0.10986478620123195,0.08213500093866381,0.24185990799158807,0.18890871254352112,0.09277167484232299,0.21097170730058196,-0.18260872416677507,-0.175627529889051,0.07208705202643217,-0.14509470155271956,0.11925916740593077,-0.13822865458849723,0.08174761851551515
-0.12830908011219463,0.21063423077454896,-0.09133810424708398,0.22481331822553646,0.3177131879755929,-0.184264287012664,-0.20415977579220818,-0.14206641601644213,-0.08004111877588005,-0.15352221017911263,-0.09214577898629342,-0.05985252218808537,0.05724965617073152,-0.0051547665579049886,-0.02532610937325922,-0.2293210494509686,-0.019832383152896007,-0.19157984205627115,-0.19582864468574018,-8.90750246841866e-14,-6.619905017686112e-12,0.0518994068400262,0.1635363542905159,-0.0010766437746791114,3.070473829940086e-05,-0.03555636594580898,-0.048301482824287714,-6.051710639504982e-09,-0.15419106548917133,-0.22809072276597783,0.18243486707476586,1.2409797786914658e-06,0.029122626425279415,-0.03001581504498448,-0.1529947191733042,0.1370389558911881,-0.21903510752368632,0.1381296669858664,-0.02439688072268635,-0.00294488074682295,-0.15162505059896172,1.1150092873663531e-10,0.15861551679756142,0.011539546281365904,-0.06982723659409121,-0.06843224516827133,-0.1993211194864628,-0.11253509974598717,-0.008051540329806468,0.03251201742883706,-0.23742458579769526,-0.1423448557174087,-0.012753301412178834,0.036960079037112514,0.0010538580582020564,-2.6334962829722423e-06,0.04970389998390931,0.07747141931943083,-0.20088788448063052,-0.055424177731076156,-0.1731166910091807,0.14817797034851454,-0.0001611869859116727,0.0479431010497089,-0.0031469500170973022,1.0605036029353651e-11,0.14980627823055637,-0.01552574005066695,-0.06772380046840151,-0.24163219443357195,-0.1616599233389887
0.24925267425646247,0.04075093235997433,0.23316032925529395,0.22684235558099033,0.08280953788200016,-0.00226224054285083,0.0044443078003164015,-0.0010777995309464857,1.0396856095200372e-11,-9.199159943730389e-06,-0.001029501679616885,-0.003230408710222502,-0.004722482025560292,-0.0010691186949744668,-0.00021482681796825858,0.005089593395553453,6.18080634035835e-12,-0.004607235455758211,-2.239497163556417e-07,1.0728478875282927e-09,-5.178502790177307e-06,-0.00024355657137488412,-2.580721007197939e-06,1.9079723103599772e-05,-0.003974234480062593,-0.003105632601087626,-9.291026764012168e-05,-2.3490690944073175e-09,0.003732313327833822,-0.0045099746812727656,2.408317316180166e-07,0.0003269138021446161,-2.4846775963859537e-06,-2.1717181347566062e-05,2.8200215494123475e-07,5.006465625846794e-05,-0.004201570998031669,0.0031861466841000075,-0.0024548437361141193,0.0007212801944233062,0.001601591954789051,0.003928503309221489,0.0031736252629412445,-3.424745028846726e-12,5.972949909765499e-08,-0.0011588054909819512,-0.0025188224948637025,-0.002950578913613307,-1.9700445951954053e-06,-2.417553734443913e-11,-0.0002328875516872511,-0.0021406947577647718,-0.0002663604058354385,0.004397680581422598,-1.3600721807206152e-05,-0.0019942217457649984,0.0028041589750761775,-2.395341855912709e-11,2.3829391427583815e-11,0.00011227885500330595,-0.0001686324865889758,-2.498459205967516e-05,7.237095173883453e-07,-0.0017499789307763426,-0.0017010585042671739,1.4715693252617617e-07,-4.2251223491764145e-07,-0.0001175547971315679,-0.001135845606737116,-0.2598952246160663,-0.10011356939969893
0.15616859631193278,0.18273115625321779,-0.22924547241006557,-0.03883817463726524,-0.08886053411711273,0.06716643036356845,0.17287020612354795,-0.24926919919043636,0.09368887029502639,-0.04073593570398,0.11472504713851066,-0.04062636765818035,-0.21225108383804714,0.15086094087076143,0.18423689702558768,0.01445987415011701,0.010506338771768415,-0.10525247482089689,-0.029628548629307985,0.16300232345987645,0.17508444600985207,0.05118090030585758,-0.19713236821579802,-0.01530425008572143,-0.044344099031574165,0.1840211323867112,0.17785031512773944,0.05463331601730064,-0.0716337388551113,0.1254791087089291,-0.10901390296191592,-0.02738354068873037,0.16525660646851867,0.017739567985928146,-0.08272264795549171,-0.1699143388124061,-0.0472116815212169,-0.1025563748628787,-0.07057044122034614,-0.2280780163338293,-0.13918767021198103,-0.19147965325902333,0.24549155460276106,0.08522763579946363,0.048904728247521706,0.15491687985794492,0.10643155278862551,0.029794153469134495,-0.08270244113550246,-0.21152929392122377,0.0494020747577447,0.07338722286585321,0.19087721293095644,-0.03517108730332694,0.005637884723209365,-0.03149683571458172,-0.1079545670422953,-0.115132773840868,-0.04121311265640126,-0.0076734767904095376,0.13855928254809155,-0.11559931548287473,0.10525960636479718,-0.03877171700682431,0.05184356843052129,0.04878867356654603,-0.11820051825445853,-0.0706858808633581,-0.14878706845136927,-0.29407681508281003,-0.1519144793698028
0.29955226767422294,0.20209044914413876,-0.049524998088033574,-0.27251062686103883,0.19175041337952767,-0.13375912555148933,0.0649637637420884,-0.06798223994688407,-0.23343534361779,0.003948509647467234,0.059064458616489415,0.15931278165164445,0.10128991859551253,0.18291204413356169,0.1837859756096911,-0.09992477734369594,0.1344270262580683,0.00876883139861337,0.0694787747053403,-0.14049674298877787,0.04414352467676705,-0.07449148555065357,-0.032304156117073185,0.0023550835330896193,-0.14064607590354214,-0.19735829971326802,-0.18562131872284163,0.1917734246829421,-0.0887759638946661,-0.11453850556869384,-0.19196834605519608,0.2109412976372854,-0.016013269267673078,-0.09653704390449094,-0.08808857489169601,0.14609483801694723,-0.12258540154896246,-0.00670908067576374,-0.04031258160087439,-0.1422487137744927,-0.0689823425343417,0.003988615560490569,0.04744482355595247,-0.11553713389256708,-0.22293317011641928,-0.13745826930122612,-0.07059539801853738,0.07918770533991558,0.1060482392257475,0.0420107115306518,-0.02155322172740437,-0.0397502706334281,0.18831265628966196,0.15657471052813718,0.19529891564554022,0.17277112303918182,0.005784472713046458,-0.005409013688378087,0.11209282415625908,0.1040247555965523,0.18665912712882193,-0.054054896849089276,-0.09910664507444802,0.10210823602732635,0.006686928825154998,-0.05349625105204029,-0.04904334152283317,0.1768820005507708,0.20095758658176505,-0.19443179445471456,-0.12414488523958425
0.2858520781848895,-0.13761458346214958,-0.19979759888558735,0.2468408830302645,-0.13352923897775618,0.12926257399121074,0.007479478109854459,0.028060428952223694,-9.871534202373115e-05,-0.12134273269287714,0.005084490117736111,-0.21322626852581072,-0.0005218478489498687,0.03172650326021134,-0.20595942280809432,0.06726107514932546,-0.07155993216505693,0.0001764534048084901,-0.0956310186028844,0.20363664497342363,-0.11848374648566697,0.05545692172875412,-0.11462424692030206,0.08292703419391761,-0.0678662347613003,0.07398955933558389,0.16300036032237353,-0.12067050079699343,-0.16098299177534867,-0.0014319236041274359,-0.0008469149368158904,0.004026671418158972,0.004665669613047481,-2.2780727832864445e-05,0.00015096457633162537,-0.17605365670033263,-0.21600936396204232,0.19648792672410667,-0.0028306987269833984,8.221965720746786e-05,-0.09687430454993785,-0.12696096980494584,0.19522155239990333,-2.4010438372975708e-06,0.008998679558746584,-0.09119049022927228,-0.1777806171157303,0.035753500701593326,0.00027183193036240777,-0.17403226781792933,-0.22110283567051148,-0.039380292023826834,0.0542699759978525,-0.002955197715359367,0.20083849868448364,-0.0038095272159349445,1.0056586723263634e-05,-0.07239725483465263,-0.00021468237944247568,-0.02629130156442944,-2.3270199749959666e-08,-0.08007692299162301,-0.19747048337773962,0.11075099400787781,-0.1251713239416687,-0.05931191061634686,-0.18623628395030847,1.2677149720248029e-05,0.15289650776323943,0.17303177456842517,-0.09377694273634819
0.10261450320352183,0.2517719208970201,0.2610936130624286,-0.07178947367339898,-0.02655636497808079,0.09493490889805321,-0.0380505544792403,0.004120491947355797,0.11094860954054658,-0.13951286125607687,0.1885082183967263,-0.06639912875811764,0.1028684924458618,0.0717261119624506,0.09634409613323254,-0.1607411126063961,0.11598146094704903,0.08415455862771846,0.02855611447614058,0.1087082647311158,0.027267731363628183,-0.13581640122799654,-0.07175392050671324,0.15805599499363765,-0.20974302718486862,0.21634518001234634,-0.03949596364325574,-0.1764518031764843,-0.09033919717471724,-0.08425482826360146,-0.07905977892691356,-0.08787144122583487,0.026874404331920725,0.1219331089645187,-0.19241452895665315,0.04135087123328191,0.17991416693728873,0.024954715611898593,-0.057737669504615084,-0.07600055265402328,-0.13064369832373302,-0.1454602984790061,0.13426486972125212,0.21733407740225158,0.08982402360873089,-0.098509679249275,0.10188538843731909,0.06130092725683456,-0.0565173520883088,-0.015183844078545368,0.12939412085931398,-0.11091362237802987,0.17398293502366627,-0.07049294837413259,0.1618146768541317,-0.07330253525981748,-0.0664094961986405,0.04822485419768441,-0.02296457420367621,0.0991784978640388,-0.17850395766521002,0.10138618767159943,-0.17294227099644122,-0.10501814791695273,0.02135947945223961,-0.20728192251143232,0.1804848379809736,0.22291791715196752,0.22119276214274544,-0.21506776441872147,0.07954711727900013
0.30002550132248224,0.03883399708852424,0.23654790249780577,0.1669048349934217,-0.2765981181301618,-0.19504646760233324,0.10222056091583959,-0.05548876019455735,0.14503020278469056,0.0337974745963225,0.10652295587495217,-0.06842697414087205,-0.14607409050352152,0.0566494969539116,0.1659157239153563,0.2044018266784514,-0.0008838757800908695,-0.04660910563035938,0.16138234313454025,0.10511531542878953,0.08552184347460917,0.04399273410698276,-0.10601597471311446,0.1969791362880552,0.18580464172362604,-0.13163881406542743,0.06308117720313064,-0.1359873757863115,0.15290397357942556,0.17519677971538514,-0.1491155875116311,0.06509089486927423,-0.18059692714224207,-0.22731497290060068,-0.2405045628878662,-0.18812735405470996,-0.043471420390553295,0.13405872707807115,-0.19107384475940425,-0.19614364239701787,-0.026365089686949953,-0.16227399260474443,-0.1730818964235291,0.15592104098125062,-0.1631400851089225,0.14898717557048138,0.02013007945394106,-0.1800439683446183,0.14117492259523187,-0.1839178210508275,0.10080977204720845,-0.1303464041778212,0.06847750401292856,-0.20650256270033834,-0.06005756720955896,-0.14631770206003197,0.12165163690993863,-0.053505600431714706,0.09968101938284432,0.11504849207075386,-0.23143774445388657,0.1125838144926598,0.03993992231025245,-0.22749977780303612,0.13325236329858606,-0.04848664801654252,0.11181144328503327,-0.18737840966095132,0.1734733529262995,-0.0535676512400525,0.006663189655048129
-0.24398554015282484,0.17662862360909332,-0.13810285333855024,0.2455308292422918,-0.25179364302701346,-0.1738722806723389,0.12292410056645937,0.22404003586521382,0.01875485008359628,-0.06964745062132979,-0.13859952405021053,0.025822272109929916,-0.14646739903142217,-0.1110181235568629,-0.13206833337277454,0.10638800827676095,-0.061274134487386764,-0.08628342505139254,0.10653342936879888,-0.17067651810660794,-0.1552374095360186,0.24454673423508252,0.1470768236524518,-0.1362008269156894,0.003139917291481794,-0.15707421886562578,0.07276893754225257,0.15434640540439074,0.20912087837744156,-0.10768101369786497,0.18750334997912751,0.15234736922359585,0.06345338242475128,0.18780861804364143,-0.10554778052797884,-0.18982726010740947,-0.044748213373864906,0.05936497653583309,0.14724583285122003,-0.05221308882572885,-0.06726322890283798,0.03564051712445596,0.008231592039717702,0.20924878486217463,0.11948710432459915,0.06436416505831423,0.10096843521997222,0.201382820517039,0.21995907301012835,0.1178849892982785,0.02731777716085713,-0.1492849870494792,0.07792458608641455,0.19635398791410869,-0.16025299038761587,-0.10020537091476975,0.19946829016396503,-0.13464508981327963,0.16126365037124094,-0.14847744739641972,0.058024930673295366,0.09445230555515959,0.12125464909353524,0.12545892986057747,-0.20143234799907173,-0.18507292099445097,0.06826476775744414,-0.024874211787676407,-0.08361150618767663,0.23523742247755233,0.01895849467198635
-0.19206999975657793,0.18317622985474882,0.117354270341892,0.19573733195743476,0.28546423794907444,0.1643409783534364,-0.08564787287504132,0.02209592266887738,0.01628986625326053,0.0601574975721255,-0.09273290652157021,0.08288637976040664,-0.05677492910433242,0.21127907535209553,-0.0021433131763155433,-0.1884166572668207,0.18669873123473546,0.16852613472794328,-0.311697783922211,0.006889201102582265,-0.16496758719824292,-0.09714969460979161,0.08778582736612685,-0.19431495084732417,-0.05947542244846432,-0.16642297748120713,0.10658370266397725,-0.010806384199341487,-0.06604542979107765,-0.04493075970372425,0.07553555103500752,-0.09740183268659669,-0.19608179469751374,0.14995646275946256,-0.28503946640796435,0.0231880979542139,0.2623956628297414,0.029089873704901646,0.13948430105861587,-0.10578526916013137,0.1668296310284424,0.12287880797983687,0.006095330043481634,0.015420630272687447,0.002627761699171504,0.04871776899983415,-0.048099218457924614,0.17180791134397247,-0.05355428190041925,0.014895815389451386,-0.2634205110809327,0.266224634678538,-0.038950830796622475,0.10121555671022935,-0.06448036491669096,0.17512986840327727,0.17445140165416276,-0.22361179835234188,-0.01792132622223582,0.07136133415208296,-0.09022753841386232,0.12191025299090498,-0.2641803422127467,-0.0036139944410889884,-0.0016203408870604221,0.08771807629551001,0.05009277740298296,0.07425680569111609,-0.0400628329325728,-0.27587623290550517,0.1547278006258646
-0.23542305289572488,-0.0974193424278649,0.21018185787519963,-0.07489031219099211,0.24052307982110802,-0.047140133045603994,0.2247816980925495,0.07605120070184496,-0.1691968790438565,-0.1299802900925723,-0.09140991232270848,-0.07347421542002704,0.13078440835704844,0.015293890120540157,0.19963658402568338,-0.0705966703435876,0.17488605555707706,-0.01649887551497708,-0.0647363633369677,-0.2434333363952923,-0.15655205527385366,0.23475249103133686,-0.06653676973278971,0.14454237517436866,-0.009284035463392803,-0.08247352278073246,0.042119282130142544,-0.09259646752331546,-0.027827429549192158,0.15871401864671103,0.04926556969255225,0.1920273394030877,0.04970518217262836,0.09819037790854067,-0.17903808174027191,-0.06827525655914235,-0.09606566372282226,-0.1047688607418542,-0.16219896733476405,0.1380026200312176,-0.17565570485066498,0.04727768145992064,-0.11306083555189582,0.16365386534851842,0.16817830745660595,-0.11888633596372214,-0.12861587734730892,0.1181042574540153,-0.05283560413373113,0.07414027596124981,0.09625516601272567,-0.024899023739850586,0.029878955162885662,0.16510823493090374,0.10514185877378379,0.008778699960162754,0.08943649778475593,0.026638765835053667,-0.00784142615674914,0.032675648187267294,-0.17910792310519666,-0.05546595876525379,0.09674439767031466,-0.052399261618028346,0.11803773966598016,-0.1472670710310654,0.1623604991825205,-0.16753752254305077,0.12018580702987802,0.24806041004633445,-0.12258753002595675
-0.10461945158038014,-0.22209847909877148,-0.0071409683151390955,-0.06688809921368886,0.038951814337182075,-0.029525694136835225,0.19053425649942846,0.17844506218209344,-0.006378760751170543,0.03819367291382853,0.1328444586415619,-0.061977296290281106,0.21484896214961924,-0.011687803337704484,-0.19524732416790969,0.1441609187643149,0.10959175332877669,-0.01710406096770579,-0.21279658742159333,-0.2520201331437777,0.09837409177343515,-0.0020334317086131977,0.0703661020033776,0.06391208025171913,-0.03892551551965717,-0.1526881118905564,0.04277384198942539,0.13698929607834506,0.08976016146775274,0.14580051502789346,-0.10814295082096415,0.201269428933126,-0.22815020367896832,0.05604877194582109,-0.05749480272669295,0.01869302154135002,0.2498807945657151,-0.10012811598258825,0.20500064351481614,-0.05987179947998682,-0.014684697244669077,-0.14745946214188416,0.07682656610845644,0.0653164041747669,-0.20650788063278686,0.05035583466041825,0.24360954390631326,0.14180744311566704,0.056434449407229546,0.22388787019361928,0.022391048602919187,0.09638513609472002,0.1297004893813548,0.19485622512710704,-0.003110309319244861,0.004018649997185912,-0.11431018267493949,0.17210467612829186,-0.020075245593130536,0.14470929121858195,0.056705238857593564,-0.08987309957797446,-0.07375173592396975,-0.17102301558726912,-0.1171678483216754,-0.22307712463233936,0.08977405227490515,-0.17322327689964534,0.03782108223934477,-0.16737952054934854,-0.11120098887766305
-0.054107198528988085,-0.13525592011593346,0.09035677003874895,0.26056257499570107,-0.13398927034712863,0.14540956427710153,0.23547191098606265,-0.0017012637954604108,0.03127034197651801,0.02636165116296284,-0.18114159390058046,0.11636197598298027,0.17339017524544073,0.02175121880245262,0.09783412382596936,0.16834677146942026,0.18944254927919227,-0.13132644782135747,-0.14941601891512685,-0.17059318675538807,0.04729788492640852,0.18895725235812807,0.11241621431450591,-0.09222304425050057,0.006375528690281216,0.09064695825019552,-0.20067484895943247,0.1616811134813419,0.16566820518140615,-0.13139536337390673,0.19199668463569364,-0.08400155143012257,-0.15342266238818122,0.18934560177454454,0.14629951309529218,0.05756021489875572,-0.037026231357305935,0.13228212507218354,0.024187001987467,0.13623092134008286,-0.03813845358943758,0.12053006581539918,0.08946495856465739,0.03836541038795568,-0.10115929638201375,0.029547820804641387,-0.07403924785842537,0.1681392851625591,0.2166050093406033,-0.09586981733751403,0.12142683258717288,-0.15374831516082973,0.1076965555016428,-0.16912051395626493,-0.002207350011529832,0.13406242677492747,-0.08448098193410207,-0.055104578066436406,0.21128434578685487,-0.020531078596115932,-0.1879307570583928,0.12473708626007955,-0.0062985318065761214,0.04070049987840629,-0.1173491656534368,-0.0021469754970594836,0.1711520287734214,0.10081511745953647,0.0056119876778126555,-0.2139447625609139,-0.09644823207945175
-0.07505495636765178,0.011342818584256505,-0.10632068991704688,-0.09414001088749967,-0.13300469412404115,0.1713117201976718,0.141616846813399,0.09292734874491929,-0.08534669364412951,-0.2107761140724051,0.039323722378273515,-0.06497752293146207,-0.002289086317304509,-0.1806774276611425,-0.08491017222806575,-0.034633465613411955,0.18793979522723403,0.10850530225342934,0.13329026807319674,-0.09908491022008478,-0.05631587219925044,0.16520967029004732,-0.06897101737644029,-0.22239737266495954,-0.020811533011627508,-0.18560741422410854,-0.07157345044255853,0.12441521417572823,0.04244124054368949,0.1407170393983977,0.13729111711510453,0.1745069357590319,0.09549947846725398,-0.12521049913510493,-0.01289971454216619,-0.16314638488373037,0.23139153853126557,-0.04308533631073646,-0.0903556085691711,0.18122296715380998,-0.19535081816603572,0.03584652942542544,-0.1833682219554565,-0.08718922334217764,0.04349986786796913,0.13018201407796004,0.0849067255623357,-0.01935519448773795,0.19392327768222767,0.05737340771284314,0.04265855235250294,0.12583044786489378,-0.009744046563228984,-0.059703577497836995,0.12235038429714372,-0.13919346283649206,0.22059683973498861,0.09761261009049954,-0.13333740281459083,-0.08457405114568355,0.11805654345244443,-0.049082521260930295,0.16056438216273605,0.17030397878433196,0.005589933925301946,0.010278333574564372,0.10201744664412497,0.09655257620832523,-0.027365872264943383,0.24610947473110725,0.05951603046356365
0.1635600213682912,0.15948052674554375,-0.27835678291866955,-0.16879517740836494,-0.1647002207662167,0.22076137101661328,0.09525439499647456,0.20618924989129606,-0.1099904192546181,-0.05348486572626941,0.1334783386645043,-0.11720400621044191,0.10629380179363179,-0.12264442517607688,0.19308161173415006,0.03267955519692526,0.1317915727574422,0.08863311166370087,-0.18975704169521487,0.12085723647716852,0.13623108775366666,0.06107425028196229,-0.019209327922994807,-0.15783751974067456,0.15646331868271626,0.009479375531253524,-0.15617029066277607,0.18430192826647365,-0.05044914976478181,-0.01778411684621641,-0.14335967139511363,-0.13478678979354056,-0.17373806330865463,-0.16832383022598155,0.0134053576744103,-0.1406641147087921,0.09375559861259881,0.023761428828425094,-0.17243648026117084,-0.03163487331336378,-0.1291549591714127,-0.05801458038356721,0.04514816545543888,0.08785963099807442,-0.09777987279188968,0.1683783192273373,0.12803916916645544,-0.12993110154683912,-0.15090881587739166,0.0031601670607147043,0.13031948681896982,-0.022726486344238406,0.22846780249164775,-0.18313978511524398,-0.057822245031492504,0.012232713209332542,-0.2462678877121322,0.07296926195529153,0.20949683883701378,0.1804308939202417,-0.0674466050963733,0.08983391412597548,-0.07334862381351555,0.23028565393914657,0.1587292478291296,0.12792807233409295,0.15659081880023687,-0.010430906169635618,0.08803178069889296,0.04115517346682405,-0.06780987679013338
-0.047507297143194405,0.213788212921278,0.23496123293288088,0.06098395468522239,-0.08611999478625165,0.11464154822318609,0.006963857948178208,0.23579356573527777,-0.05834542659639019,-0.1425460750285366,0.18589821340655793,-0.014055113053654696,-0.0955492774948345,0.12583250434710067,0.21204415650001776,-0.1548342127874271,0.1887588635238582,-0.11437758679327469,-0.029051006932721554,0.059112721404699704,0.11865398037098646,0.13435177174384014,-0.14452194812537866,0.19549896271631054,-0.015995179261116165,0.2181426622885589,0.09575597844744559,-0.09624047183138937,-0.03880102334250675,-0.0023898979756788005,0.12436295347527675,-0.10076352361953285,0.09462881619143428,-0.08765641392835921,-0.1025142697536216,0.037135548961711326,0.1935392792024446,-0.011576489152433039,0.005359661970293452,0.17657173347215432,-0.04875854767819602,0.06679637166268805,0.13896008961662312,-0.09939284715165803,0.07582167657680239,-0.21740058499064596,0.06649689068134544,0.05683590776658736,-0.034212868508930606,-0.17785625834705246,-0.015486464956367938,0.23321466061572207,-0.11221812053866892,-0.11044354048064567,0.15486017628795598,-0.0032268890684693722,0.08861402751660499,0.1884253842154511,0.09378366374769222,-0.1098629130367247,-0.18276235954055692,-0.08690637447214036,-0.016528538138405248,0.06545147284011016,0.1291488230379094,0.019040787092959616,0.03960411585026816,0.010456829269296286,0.07664725100770135,0.3172612018371595,-0.04240414701109206
