,Y1,Y2
0,1.29,1.46
1,1.37,2.69
2,1.34,2.68
3,1.32,2.12
4,1.32,2.12
5,1.32,2.41
6,1.32,2.41
7,1.31,1.54
8,1.32,1.6
9,1.32,1.76
10,1.32,1.61
11,1.32,1.61
12,1.32,1.76
13,1.32,1.75
14,1.32,2.11
15,1.33,2.41
16,1.34,2.68
17,1.33,1.5
18,1.41,2.72
19,1.39,2.71
20,1.36,2.15
21,1.36,2.16
22,1.37,2.45
23,1.37,2.45
24,1.35,1.58
25,1.36,1.64
26,1.37,1.8
27,1.36,1.64
28,1.36,1.64
29,1.37,1.8
30,1.37,1.79
31,1.36,2.15
32,1.38,2.44
33,1.39,2.71
34,1.38,1.54
35,1.45,2.75
36,1.44,2.74
37,1.41,2.19
38,1.4,2.19
39,1.42,2.47
40,1.42,2.47
41,1.39,1.62
42,1.4,1.67
43,1.41,1.84
44,1.4,1.68
45,1.4,1.68
46,1.41,1.84
47,1.41,1.83
48,1.41,2.18
49,1.42,2.47
50,1.44,2.74
51,1.42,1.57
52,1.48,2.77
53,1.47,2.76
54,1.46,2.22
55,1.45,2.23
56,1.47,2.5
57,1.47,2.5
58,1.43,1.65
59,1.44,1.7
60,1.44,1.88
61,1.44,1.7
62,1.44,1.7
63,1.44,1.87
64,1.44,1.86
65,1.46,2.22
66,1.47,2.5
67,1.47,2.75
68,1.46,1.61
69,1.54,2.8
70,1.53,2.79
71,1.49,2.25
72,1.49,2.25
73,1.5,2.53
74,1.5,2.53
75,1.47,1.69
76,1.47,1.73
77,1.49,1.93
78,1.47,1.73
79,1.47,1.73
80,1.49,1.92
81,1.49,1.91
82,1.49,2.25
83,1.5,2.52
84,1.53,2.78
85,1.5,1.64
86,1.59,2.83
87,1.59,2.81
88,1.53,2.28
89,1.53,2.29
90,1.56,2.56
91,1.56,2.56
92,1.51,1.73
93,1.51,1.76
94,1.52,1.96
95,1.51,1.76
96,1.51,1.76
97,1.52,1.95
98,1.52,1.93
99,1.53,2.28
100,1.56,2.56
101,1.59,2.81
102,1.54,1.68
103,1.65,2.86
104,1.65,2.84
105,1.59,2.33
106,1.59,2.34
107,1.62,2.59
108,1.62,2.59
109,1.55,1.76
110,1.55,1.8
111,1.56,2.01
112,1.54,1.8
113,1.54,1.79
114,1.56,2.0
115,1.56,1.98
116,1.6,2.33
117,1.62,2.59
118,1.65,2.84
119,1.58,1.72
120,1.7,2.89
121,1.7,2.88
122,1.65,2.37
123,1.65,2.37
124,1.68,2.62
125,1.68,2.63
126,1.58,1.79
127,1.58,1.84
128,1.62,2.06
129,1.58,1.84
130,1.58,1.83
131,1.62,2.05
132,1.62,2.04
133,1.65,2.36
134,1.67,2.62
135,1.7,2.87
136,1.61,1.75
137,1.75,2.92
138,1.75,2.91
139,1.71,2.41
140,1.71,2.41
141,1.73,2.66
142,1.73,2.65
143,1.62,1.82
144,1.64,1.89
145,1.68,2.11
146,1.63,1.89
147,1.64,1.89
148,1.68,2.1
149,1.68,2.09
150,1.71,2.41
151,1.73,2.65
152,1.75,2.9
153,1.65,1.8
154,1.8,2.96
155,1.8,2.95
156,1.76,2.45
157,1.76,2.45
158,1.78,2.7
159,1.78,2.7
160,1.66,1.86
161,1.69,1.95
162,1.74,2.16
163,1.69,1.95
164,1.69,1.95
165,1.74,2.16
166,1.74,2.15
167,1.76,2.45
168,1.78,2.7
169,1.8,2.94
170,1.69,1.84
171,1.85,3.0
172,1.85,2.99
173,1.81,2.5
174,1.81,2.5
175,1.83,2.74
176,1.83,2.74
177,1.71,1.9
178,1.76,2.0
179,1.79,2.21
180,1.76,2.0
181,1.76,2.0
182,1.79,2.21
183,1.8,2.21
184,1.81,2.49
185,1.83,2.74
186,1.85,2.98
187,1.73,1.89
188,1.89,3.03
189,1.89,3.03
190,1.86,2.54
191,1.86,2.54
192,1.88,2.79
193,1.88,2.78
194,1.78,1.94
195,1.82,2.05
196,1.84,2.27
197,1.82,2.05
198,1.82,2.06
199,1.84,2.27
200,1.84,2.27
201,1.86,2.54
202,1.88,2.78
203,1.89,3.01
204,1.79,1.94
205,1.92,3.07
206,1.92,3.06
207,1.9,2.58
208,1.9,2.58
209,1.92,2.84
210,1.92,2.83
211,1.83,1.99
212,1.87,2.1
213,1.89,2.33
214,1.88,2.1
215,1.88,2.11
216,1.89,2.33
217,1.89,2.33
218,1.9,2.58
219,1.92,2.82
220,1.93,3.05
221,1.85,1.98
222,1.96,3.12
223,1.97,3.11
224,1.95,2.63
225,1.95,2.64
226,1.96,2.89
227,1.96,2.88
228,1.89,2.04
229,1.92,2.15
230,1.93,2.39
231,1.92,2.15
232,1.92,2.15
233,1.93,2.39
234,1.94,2.39
235,1.95,2.63
236,1.96,2.86
237,1.97,3.1
238,1.29,1.47
239,1.37,2.7
240,1.34,2.7
241,1.33,2.13
242,1.33,2.13
243,1.33,2.42
244,1.33,2.43
245,1.32,1.55
246,1.33,1.62
247,1.33,1.77
248,1.32,1.62
249,1.33,1.62
250,1.33,1.77
251,1.33,1.76
252,1.33,2.12
253,1.33,2.42
254,1.34,2.69
255,1.34,1.51
256,1.41,2.74
257,1.39,2.73
258,1.37,2.16
259,1.37,2.17
260,1.38,2.46
261,1.38,2.46
262,1.36,1.59
263,1.37,1.66
264,1.38,1.81
265,1.37,1.66
266,1.37,1.66
267,1.38,1.8
268,1.38,1.8
269,1.37,2.16
270,1.38,2.46
271,1.39,2.72
272,1.39,1.55
273,1.45,2.77
274,1.44,2.76
275,1.42,2.2
276,1.41,2.2
277,1.43,2.49
278,1.43,2.49
279,1.4,1.63
280,1.41,1.69
281,1.42,1.85
282,1.41,1.69
283,1.41,1.69
284,1.42,1.84
285,1.42,1.84
286,1.42,2.19
287,1.43,2.48
288,1.44,2.75
289,1.43,1.59
290,1.47,2.78
291,1.47,2.77
292,1.46,2.23
293,1.46,2.24
294,1.47,2.51
295,1.47,2.51
296,1.44,1.66
297,1.45,1.72
298,1.45,1.88
299,1.45,1.72
300,1.45,1.72
301,1.45,1.88
302,1.45,1.87
303,1.46,2.23
304,1.47,2.51
305,1.47,2.76
306,1.47,1.62
307,1.54,2.81
308,1.53,2.8
309,1.49,2.26
310,1.49,2.26
311,1.5,2.54
312,1.5,2.54
313,1.48,1.7
314,1.48,1.74
315,1.5,1.93
316,1.48,1.74
317,1.48,1.75
318,1.5,1.92
319,1.5,1.92
320,1.49,2.25
321,1.5,2.53
322,1.53,2.79
323,1.51,1.65
324,1.59,2.83
325,1.59,2.82
326,1.53,2.29
327,1.53,2.29
328,1.56,2.57
329,1.56,2.57
330,1.52,1.74
331,1.52,1.77
332,1.52,1.96
333,1.52,1.77
334,1.52,1.77
335,1.52,1.95
336,1.52,1.94
337,1.53,2.29
338,1.56,2.57
339,1.59,2.81
340,1.55,1.68
341,1.65,2.86
342,1.65,2.85
343,1.6,2.34
344,1.6,2.34
345,1.62,2.6
346,1.62,2.6
347,1.55,1.77
348,1.55,1.8
349,1.56,2.01
350,1.55,1.8
351,1.55,1.8
352,1.56,2.0
353,1.56,1.99
354,1.6,2.33
355,1.62,2.6
356,1.65,2.84
357,1.58,1.72
358,1.7,2.89
359,1.7,2.89
360,1.65,2.37
361,1.65,2.38
362,1.68,2.63
363,1.68,2.63
364,1.59,1.8
365,1.59,1.84
366,1.62,2.07
367,1.59,1.84
368,1.59,1.84
369,1.62,2.06
370,1.62,2.05
371,1.65,2.37
372,1.67,2.63
373,1.7,2.87
374,1.62,1.76
375,1.75,2.93
376,1.75,2.92
377,1.71,2.41
378,1.71,2.41
379,1.73,2.66
380,1.73,2.66
381,1.62,1.83
382,1.64,1.9
383,1.68,2.11
384,1.63,1.9
385,1.64,1.9
386,1.68,2.11
387,1.69,2.09
388,1.71,2.41
389,1.73,2.66
390,1.75,2.91
391,1.66,1.81
392,1.8,2.97
393,1.8,2.96
394,1.76,2.45
395,1.76,2.45
396,1.79,2.7
397,1.78,2.7
398,1.67,1.86
399,1.69,1.95
400,1.74,2.16
401,1.69,1.95
402,1.69,1.95
403,1.74,2.16
404,1.74,2.15
405,1.76,2.45
406,1.78,2.7
407,1.8,2.95
408,1.69,1.85
409,1.85,3.01
410,1.85,3.0
411,1.82,2.5
412,1.81,2.5
413,1.83,2.75
414,1.83,2.74
415,1.71,1.9
416,1.76,2.0
417,1.8,2.22
418,1.76,2.0
419,1.76,2.0
420,1.79,2.21
421,1.8,2.21
422,1.82,2.5
423,1.84,2.74
424,1.85,2.98
425,1.73,1.89
426,1.89,3.04
427,1.89,3.04
428,1.86,2.54
429,1.86,2.54
430,1.88,2.8
431,1.88,2.78
432,1.78,1.94
433,1.82,2.05
434,1.84,2.27
435,1.82,2.06
436,1.82,2.06
437,1.84,2.27
438,1.85,2.27
439,1.86,2.54
440,1.88,2.78
441,1.89,3.02
442,1.79,1.94
443,1.93,3.08
444,1.93,3.07
445,1.91,2.59
446,1.9,2.59
447,1.92,2.84
448,1.92,2.83
449,1.84,1.99
450,1.88,2.11
451,1.89,2.33
452,1.88,2.11
453,1.88,2.11
454,1.89,2.33
455,1.89,2.33
456,1.91,2.59
457,1.92,2.82
458,1.93,3.05
459,1.85,1.99
460,1.97,3.12
461,1.97,3.11
462,1.95,2.64
463,1.95,2.64
464,1.96,2.89
465,1.97,2.88
466,1.89,2.04
467,1.92,2.15
468,1.94,2.39
469,1.92,2.15
470,1.92,2.16
471,1.94,2.39
472,1.94,2.39
473,1.95,2.64
474,1.97,2.87
475,1.97,3.1
476,1.19,1.25
477,1.33,2.37
478,1.33,2.34
479,1.31,1.76
480,1.31,1.81
481,1.33,2.05
482,1.33,2.04
483,1.22,1.32
484,1.25,1.37
485,1.27,1.5
486,1.25,1.38
487,1.25,1.37
488,1.28,1.51
489,1.28,1.53
490,1.31,1.72
491,1.33,2.03
492,1.33,2.33
493,1.23,1.29
494,1.37,2.39
495,1.37,2.36
496,1.35,1.78
497,1.35,1.83
498,1.37,2.07
499,1.37,2.07
500,1.27,1.36
501,1.29,1.41
502,1.32,1.53
503,1.29,1.41
504,1.29,1.41
505,1.32,1.54
506,1.32,1.56
507,1.35,1.74
508,1.37,2.06
509,1.37,2.36
510,1.28,1.32
511,1.41,2.42
512,1.41,2.39
513,1.39,1.81
514,1.39,1.84
515,1.4,2.09
516,1.4,2.09
517,1.31,1.4
518,1.33,1.44
519,1.36,1.55
520,1.33,1.45
521,1.34,1.45
522,1.36,1.57
523,1.36,1.58
524,1.39,1.76
525,1.4,2.08
526,1.41,2.38
527,1.32,1.36
528,1.45,2.43
529,1.45,2.4
530,1.43,1.83
531,1.43,1.86
532,1.44,2.12
533,1.44,2.12
534,1.35,1.44
535,1.38,1.49
536,1.4,1.59
537,1.38,1.49
538,1.38,1.49
539,1.4,1.6
540,1.4,1.62
541,1.43,1.79
542,1.44,2.11
543,1.44,2.4
544,1.37,1.41
545,1.48,2.45
546,1.48,2.42
547,1.47,1.85
548,1.47,1.89
549,1.47,2.14
550,1.48,2.1
551,1.4,1.48
552,1.42,1.53
553,1.45,1.62
554,1.42,1.52
555,1.42,1.53
556,1.45,1.63
557,1.45,1.65
558,1.47,1.82
559,1.47,2.14
560,1.48,2.42
561,1.4,1.45
562,1.53,2.47
563,1.54,2.44
564,1.5,1.88
565,1.5,1.91
566,1.51,2.16
567,1.51,2.16
568,1.44,1.52
569,1.47,1.56
570,1.48,1.65
571,1.46,1.56
572,1.46,1.56
573,1.48,1.66
574,1.48,1.68
575,1.5,1.85
576,1.51,2.16
577,1.54,2.43
578,1.46,1.5
579,1.59,2.5
580,1.59,2.47
581,1.53,1.91
582,1.53,1.94
583,1.55,2.2
584,1.56,2.19
585,1.49,1.56
586,1.5,1.6
587,1.52,1.69
588,1.5,1.6
589,1.5,1.6
590,1.52,1.7
591,1.52,1.71
592,1.53,1.88
593,1.56,2.2
594,1.6,2.46
595,1.51,1.54
596,1.65,2.53
597,1.65,2.5
598,1.57,1.95
599,1.57,1.97
600,1.62,2.23
601,1.61,2.23
602,1.53,1.6
603,1.55,1.64
604,1.56,1.73
605,1.55,1.64
606,1.55,1.64
607,1.56,1.74
608,1.56,1.76
609,1.57,1.92
610,1.62,2.23
611,1.65,2.49
612,1.56,1.6
613,1.7,2.57
614,1.71,2.54
615,1.62,1.98
616,1.63,2.03
617,1.67,2.27
618,1.68,2.27
619,1.57,1.63
620,1.58,1.67
621,1.59,1.76
622,1.58,1.67
623,1.58,1.67
624,1.59,1.77
625,1.6,1.79
626,1.63,1.96
627,1.68,2.26
628,1.71,2.53
629,1.58,1.59
630,1.75,2.53
631,1.75,2.51
632,1.66,1.94
633,1.66,1.98
634,1.72,2.22
635,1.73,2.31
636,1.6,1.66
637,1.62,1.7
638,1.64,1.8
639,1.62,1.7
640,1.62,1.7
641,1.64,1.81
642,1.64,1.82
643,1.68,1.99
644,1.73,2.3
645,1.76,2.56
646,1.63,1.67
647,1.81,2.64
648,1.81,2.62
649,1.74,2.05
650,1.74,2.07
651,1.78,2.34
652,1.78,2.34
653,1.64,1.7
654,1.66,1.74
655,1.69,1.83
656,1.66,1.74
657,1.66,1.74
658,1.69,1.84
659,1.7,1.86
660,1.74,2.02
661,1.78,2.34
662,1.81,2.59
663,1.67,1.7
664,1.85,2.68
665,1.85,2.65
666,1.8,2.11
667,1.8,2.11
668,1.83,2.37
669,1.83,2.38
670,1.69,1.74
671,1.71,1.79
672,1.75,1.87
673,1.71,1.79
674,1.71,1.79
675,1.75,1.88
676,1.75,1.89
677,1.8,2.06
678,1.83,2.38
679,1.85,2.63
680,1.71,1.73
681,1.89,2.7
682,1.89,2.68
683,1.85,2.12
684,1.85,2.14
685,1.88,2.41
686,1.88,2.42
687,1.73,1.78
688,1.77,1.84
689,1.8,1.92
690,1.77,1.85
691,1.77,1.85
692,1.8,1.92
693,1.8,1.93
694,1.85,2.11
695,1.88,2.42
696,1.89,2.66
697,1.76,1.77
698,1.94,2.74
699,1.94,2.72
700,1.9,2.17
701,1.9,2.18
702,1.88,2.23
703,1.92,2.45
704,1.78,1.82
705,1.82,1.89
706,1.85,1.95
707,1.82,1.89
708,1.82,1.89
709,1.85,1.96
710,1.86,1.97
711,1.9,2.16
712,1.92,2.45
713,1.94,2.69
714,1.22,1.33
715,1.33,2.46
716,1.33,2.45
717,1.33,1.79
718,1.33,1.82
719,1.33,2.17
720,1.33,2.16
721,1.27,1.41
722,1.29,1.45
723,1.31,1.59
724,1.29,1.45
725,1.29,1.45
726,1.31,1.6
727,1.32,1.62
728,1.33,1.76
729,1.33,2.15
730,1.33,2.44
731,1.27,1.38
732,1.38,2.5
733,1.38,2.48
734,1.37,1.83
735,1.37,1.86
736,1.37,2.2
737,1.37,2.2
738,1.31,1.45
739,1.34,1.49
740,1.36,1.63
741,1.34,1.49
742,1.34,1.49
743,1.36,1.64
744,1.36,1.66
745,1.37,1.8
746,1.37,2.19
747,1.38,2.48
748,1.32,1.42
749,1.42,2.53
750,1.42,2.51
751,1.42,1.87
752,1.42,1.89
753,1.42,2.24
754,1.42,2.24
755,1.35,1.5
756,1.38,1.53
757,1.4,1.66
758,1.38,1.53
759,1.39,1.53
760,1.41,1.67
761,1.41,1.69
762,1.42,1.84
763,1.42,2.23
764,1.43,2.51
765,1.36,1.46
766,1.47,2.57
767,1.47,2.55
768,1.46,1.91
769,1.46,1.92
770,1.46,2.27
771,1.46,2.27
772,1.4,1.53
773,1.43,1.57
774,1.45,1.69
775,1.43,1.57
776,1.43,1.58
777,1.45,1.71
778,1.45,1.73
779,1.46,1.88
780,1.46,2.26
781,1.47,2.55
782,1.41,1.5
783,1.5,2.58
784,1.5,2.56
785,1.49,1.95
786,1.49,1.96
787,1.5,2.3
788,1.52,2.18
789,1.45,1.57
790,1.47,1.6
791,1.48,1.72
792,1.47,1.61
793,1.47,1.61
794,1.48,1.73
795,1.48,1.75
796,1.49,1.93
797,1.5,2.29
798,1.5,2.56
799,1.45,1.54
800,1.54,2.61
801,1.55,2.59
802,1.52,1.99
803,1.52,1.99
804,1.53,2.32
805,1.53,2.32
806,1.49,1.6
807,1.52,1.64
808,1.53,1.76
809,1.52,1.64
810,1.52,1.64
811,1.53,1.77
812,1.53,1.78
813,1.52,1.97
814,1.53,2.31
815,1.55,2.59
816,1.49,1.59
817,1.6,2.65
818,1.61,2.62
819,1.56,2.03
820,1.55,2.03
821,1.57,2.36
822,1.59,2.35
823,1.53,1.64
824,1.55,1.67
825,1.55,1.78
826,1.55,1.67
827,1.55,1.67
828,1.55,1.79
829,1.55,1.81
830,1.56,2.02
831,1.57,2.36
832,1.61,2.62
833,1.55,1.63
834,1.66,2.67
835,1.67,2.65
836,1.6,2.07
837,1.6,2.08
838,1.64,2.39
839,1.64,2.4
840,1.57,1.68
841,1.59,1.71
842,1.59,1.82
843,1.59,1.71
844,1.59,1.71
845,1.59,1.83
846,1.59,1.84
847,1.6,2.07
848,1.64,2.39
849,1.66,2.65
850,1.59,1.67
851,1.72,2.7
852,1.72,2.69
853,1.66,2.12
854,1.69,2.2
855,1.69,2.42
856,1.7,2.42
857,1.61,1.7
858,1.62,1.74
859,1.62,1.85
860,1.62,1.75
861,1.62,1.75
862,1.63,1.86
863,1.63,1.88
864,1.66,2.11
865,1.7,2.42
866,1.72,2.68
867,1.58,1.6
868,1.75,2.55
869,1.75,2.52
870,1.67,1.95
871,1.66,1.99
872,1.72,2.24
873,1.75,2.45
874,1.65,1.74
875,1.65,1.78
876,1.67,1.88
877,1.66,1.78
878,1.66,1.78
879,1.67,1.89
880,1.67,1.9
881,1.72,2.15
882,1.75,2.45
883,1.78,2.71
884,1.66,1.74
885,1.83,2.77
886,1.83,2.75
887,1.78,2.19
888,1.78,2.19
889,1.8,2.49
890,1.8,2.49
891,1.68,1.76
892,1.69,1.83
893,1.72,1.91
894,1.7,1.83
895,1.7,1.83
896,1.73,1.92
897,1.73,1.92
898,1.78,2.18
899,1.8,2.48
900,1.83,2.74
901,1.7,1.77
902,1.87,2.8
903,1.88,2.78
904,1.85,2.29
905,1.83,2.24
906,1.85,2.52
907,1.85,2.52
908,1.72,1.8
909,1.75,1.88
910,1.79,1.94
911,1.75,1.88
912,1.75,1.88
913,1.78,1.95
914,1.78,1.96
915,1.84,2.23
916,1.86,2.52
917,1.87,2.77
918,1.74,1.8
919,1.91,2.83
920,1.91,2.81
921,1.88,2.28
922,1.88,2.28
923,1.91,2.56
924,1.9,2.56
925,1.76,1.85
926,1.81,1.93
927,1.84,1.99
928,1.81,1.94
929,1.82,1.94
930,1.84,1.99
931,1.84,1.99
932,1.88,2.27
933,1.9,2.56
934,1.91,2.8
935,1.78,1.84
936,1.96,2.86
937,1.96,2.85
938,1.93,2.32
939,1.93,2.32
940,1.83,1.98
941,1.95,2.6
942,1.82,1.91
943,1.86,1.98
944,1.89,2.03
945,1.87,1.98
946,1.86,1.98
947,1.9,2.03
948,1.89,2.03
949,1.93,2.32
950,1.95,2.59
951,1.96,2.83
952,1.22,1.32
953,1.33,2.45
954,1.32,2.43
955,1.32,1.78
956,1.32,1.81
957,1.32,2.15
958,1.32,2.15
959,1.26,1.4
960,1.29,1.44
961,1.31,1.58
962,1.29,1.44
963,1.29,1.44
964,1.31,1.59
965,1.31,1.61
966,1.32,1.76
967,1.32,2.14
968,1.32,2.43
969,1.26,1.37
970,1.37,2.49
971,1.37,2.47
972,1.36,1.83
973,1.36,1.85
974,1.37,2.19
975,1.36,2.19
976,1.3,1.44
977,1.34,1.48
978,1.35,1.62
979,1.33,1.48
980,1.34,1.48
981,1.35,1.63
982,1.36,1.65
983,1.36,1.79
984,1.36,2.18
985,1.37,2.46
986,1.31,1.41
987,1.42,2.52
988,1.42,2.5
989,1.41,1.86
990,1.41,1.88
991,1.41,2.23
992,1.41,2.23
993,1.35,1.49
994,1.38,1.52
995,1.39,1.65
996,1.38,1.52
997,1.38,1.52
998,1.4,1.66
999,1.4,1.68
1000,1.41,1.84
1001,1.41,2.22
1002,1.42,2.5
1003,1.36,1.46
1004,1.47,2.56
1005,1.47,2.54
1006,1.45,1.9
1007,1.45,1.91
1008,1.45,2.26
1009,1.45,2.26
1010,1.39,1.52
1011,1.42,1.56
1012,1.44,1.68
1013,1.42,1.56
1014,1.42,1.57
1015,1.44,1.7
1016,1.44,1.71
1017,1.45,1.88
1018,1.45,2.25
1019,1.47,2.53
1020,1.4,1.5
1021,1.49,2.57
1022,1.5,2.55
1023,1.48,1.94
1024,1.48,1.95
1025,1.49,2.29
1026,1.51,2.19
1027,1.44,1.56
1028,1.46,1.59
1029,1.47,1.71
1030,1.46,1.6
1031,1.47,1.6
1032,1.47,1.72
1033,1.47,1.74
1034,1.49,1.92
1035,1.49,2.28
1036,1.5,2.55
1037,1.45,1.54
1038,1.54,2.6
1039,1.55,2.58
1040,1.52,1.98
1041,1.52,1.99
1042,1.53,2.31
1043,1.52,2.31
1044,1.48,1.59
1045,1.51,1.63
1046,1.52,1.75
1047,1.51,1.63
1048,1.51,1.63
1049,1.52,1.76
1050,1.52,1.77
1051,1.52,1.97
1052,1.52,2.3
1053,1.55,2.58
1054,1.49,1.58
1055,1.6,2.64
1056,1.61,2.62
1057,1.55,2.03
1058,1.55,2.03
1059,1.57,2.35
1060,1.58,2.34
1061,1.53,1.64
1062,1.55,1.67
1063,1.55,1.78
1064,1.55,1.67
1065,1.55,1.67
1066,1.55,1.79
1067,1.55,1.8
1068,1.55,2.01
1069,1.57,2.35
1070,1.61,2.61
1071,1.55,1.63
1072,1.66,2.67
1073,1.66,2.65
1074,1.6,2.07
1075,1.6,2.07
1076,1.64,2.39
1077,1.64,2.39
1078,1.57,1.67
1079,1.58,1.7
1080,1.58,1.81
1081,1.58,1.7
1082,1.58,1.7
1083,1.58,1.82
1084,1.58,1.84
1085,1.6,2.06
1086,1.64,2.39
1087,1.66,2.64
1088,1.58,1.67
1089,1.72,2.7
1090,1.72,2.68
1091,1.66,2.11
1092,1.68,2.18
1093,1.69,2.42
1094,1.69,2.42
1095,1.6,1.7
1096,1.62,1.74
1097,1.62,1.85
1098,1.62,1.74
1099,1.62,1.74
1100,1.62,1.85
1101,1.62,1.87
1102,1.66,2.11
1103,1.7,2.41
1104,1.72,2.67
1105,1.59,1.61
1106,1.75,2.57
1107,1.75,2.54
1108,1.67,1.98
1109,1.67,2.01
1110,1.72,2.27
1111,1.75,2.45
1112,1.64,1.73
1113,1.65,1.78
1114,1.67,1.88
1115,1.65,1.78
1116,1.65,1.78
1117,1.67,1.88
1118,1.67,1.89
1119,1.72,2.14
1120,1.75,2.45
1121,1.77,2.7
1122,1.66,1.73
1123,1.83,2.76
1124,1.83,2.74
1125,1.77,2.18
1126,1.78,2.19
1127,1.8,2.48
1128,1.8,2.48
1129,1.68,1.76
1130,1.69,1.82
1131,1.72,1.9
1132,1.7,1.82
1133,1.69,1.83
1134,1.72,1.91
1135,1.73,1.92
1136,1.78,2.18
1137,1.8,2.48
1138,1.83,2.73
1139,1.69,1.76
1140,1.87,2.79
1141,1.87,2.78
1142,1.84,2.28
1143,1.83,2.23
1144,1.85,2.51
1145,1.85,2.52
1146,1.72,1.8
1147,1.75,1.88
1148,1.78,1.94
1149,1.75,1.88
1150,1.75,1.88
1151,1.78,1.94
1152,1.78,1.95
1153,1.84,2.22
1154,1.85,2.52
1155,1.87,2.76
1156,1.74,1.79
1157,1.91,2.82
1158,1.91,2.81
1159,1.88,2.27
1160,1.88,2.27
1161,1.9,2.55
1162,1.9,2.56
1163,1.76,1.85
1164,1.81,1.93
1165,1.84,1.99
1166,1.81,1.93
1167,1.81,1.94
1168,1.84,1.98
1169,1.84,1.99
1170,1.88,2.27
1171,1.9,2.55
1172,1.91,2.79
1173,1.78,1.83
1174,1.96,2.86
1175,1.96,2.84
1176,1.93,2.32
1177,1.92,2.32
1178,1.85,2.07
1179,1.94,2.59
1180,1.82,1.91
1181,1.86,1.97
1182,1.89,2.03
1183,1.86,1.98
1184,1.86,1.98
1185,1.89,2.03
1186,1.89,2.03
1187,1.93,2.32
1188,1.94,2.59
1189,1.96,2.83
1190,1.14,1.1
1191,1.32,2.28
1192,1.33,2.25
1193,1.27,1.72
1194,1.27,1.78
1195,1.32,1.97
1196,1.32,1.94
1197,1.17,1.19
1198,1.19,1.25
1199,1.22,1.39
1200,1.2,1.26
1201,1.2,1.26
1202,1.22,1.41
1203,1.22,1.44
1204,1.27,1.66
1205,1.31,1.91
1206,1.32,2.22
1207,1.19,1.15
1208,1.36,2.29
1209,1.36,2.25
1210,1.32,1.73
1211,1.31,1.79
1212,1.35,1.97
1213,1.36,1.94
1214,1.22,1.22
1215,1.23,1.29
1216,1.26,1.42
1217,1.24,1.29
1218,1.24,1.29
1219,1.26,1.44
1220,1.26,1.46
1221,1.32,1.68
1222,1.35,1.93
1223,1.36,2.24
1224,1.23,1.19
1225,1.4,2.31
1226,1.4,2.27
1227,1.35,1.74
1228,1.35,1.79
1229,1.39,1.97
1230,1.39,1.96
1231,1.26,1.26
1232,1.28,1.33
1233,1.31,1.45
1234,1.28,1.33
1235,1.28,1.34
1236,1.31,1.46
1237,1.31,1.49
1238,1.36,1.7
1239,1.39,1.95
1240,1.4,2.26
1241,1.27,1.23
1242,1.43,2.32
1243,1.42,2.28
1244,1.39,1.76
1245,1.39,1.81
1246,1.43,1.99
1247,1.43,1.99
1248,1.3,1.3
1249,1.33,1.37
1250,1.35,1.48
1251,1.33,1.38
1252,1.33,1.39
1253,1.34,1.39
1254,1.35,1.51
1255,1.4,1.71
1256,1.43,1.98
1257,1.42,2.26
1258,1.32,1.26
1259,1.46,2.33
1260,1.46,2.3
1261,1.43,1.77
1262,1.43,1.82
1263,1.45,1.99
1264,1.45,2.0
1265,1.35,1.35
1266,1.37,1.42
1267,1.4,1.52
1268,1.37,1.42
1269,1.37,1.43
1270,1.4,1.53
1271,1.4,1.55
1272,1.43,1.73
1273,1.45,1.99
1274,1.46,2.28
1275,1.36,1.31
1276,1.51,2.35
1277,1.44,1.62
1278,1.46,1.79
1279,1.46,1.83
1280,1.48,2.01
1281,1.48,2.02
1282,1.39,1.39
1283,1.41,1.47
1284,1.43,1.54
1285,1.41,1.47
1286,1.41,1.46
1287,1.51,2.25
1288,1.43,1.57
1289,1.46,1.75
1290,1.48,2.02
1291,1.52,2.29
1292,1.42,1.35
1293,1.57,2.37
1294,1.57,2.33
1295,1.5,1.81
1296,1.5,1.86
1297,1.53,2.04
1298,1.54,2.07
1299,1.44,1.44
1300,1.45,1.5
1301,1.47,1.58
1302,1.45,1.51
1303,1.46,1.52
1304,1.47,1.59
1305,1.47,1.61
1306,1.5,1.78
1307,1.53,2.04
1308,1.58,2.32
1309,1.46,1.4
1310,1.63,2.41
1311,1.63,2.37
1312,1.54,1.84
1313,1.54,1.89
1314,1.59,2.08
1315,1.59,2.07
1316,1.48,1.49
1317,1.5,1.55
1318,1.51,1.62
1319,1.5,1.54
1320,1.5,1.55
1321,1.51,1.63
1322,1.52,1.65
1323,1.54,1.8
1324,1.59,2.07
1325,1.64,2.35
1326,1.51,1.46
1327,1.69,2.44
1328,1.69,2.41
1329,1.58,1.87
1330,1.58,1.92
1331,1.64,2.11
1332,1.65,2.12
1333,1.52,1.52
1334,1.54,1.58
1335,1.55,1.65
1336,1.53,1.58
1337,1.53,1.58
1338,1.55,1.67
1339,1.55,1.68
1340,1.59,1.83
1341,1.65,2.11
1342,1.69,2.38
1343,1.55,1.5
1344,1.73,2.47
1345,1.74,2.44
1346,1.57,1.84
1347,1.68,1.98
1348,1.75,2.17
1349,1.75,2.18
1350,1.6,1.61
1351,1.61,1.65
1352,1.64,1.73
1353,1.61,1.65
1354,1.62,1.65
1355,1.64,1.74
1356,1.64,1.76
1357,1.69,1.89
1358,1.75,2.18
1359,1.79,2.44
1360,1.59,1.54
1361,1.79,2.51
1362,1.79,2.48
1363,1.69,1.94
1364,1.69,1.98
1365,1.75,2.18
1366,1.75,2.18
1367,1.6,1.61
1368,1.62,1.65
1369,1.64,1.73
1370,1.62,1.65
1371,1.62,1.65
1372,1.64,1.74
1373,1.64,1.76
1374,1.69,1.89
1375,1.76,2.18
1376,1.79,2.44
1377,1.63,1.59
1378,1.83,2.54
1379,1.83,2.51
1380,1.74,1.97
1381,1.74,2.0
1382,1.8,2.21
1383,1.8,2.21
1384,1.65,1.65
1385,1.66,1.69
1386,1.69,1.77
1387,1.66,1.69
1388,1.66,1.68
1389,1.69,1.78
1390,1.69,1.79
1391,1.74,1.92
1392,1.8,2.22
1393,1.86,2.49
1394,1.67,1.63
1395,1.87,2.56
1396,1.87,2.53
1397,1.79,2.0
1398,1.79,2.03
1399,1.85,2.24
1400,1.85,2.25
1401,1.69,1.69
1402,1.71,1.73
1403,1.75,1.81
1404,1.71,1.73
1405,1.71,1.73
1406,1.74,1.82
1407,1.75,1.84
1408,1.79,1.95
1409,1.85,2.26
1410,1.87,2.5
1411,1.73,1.69
1412,1.91,2.6
1413,1.91,2.57
1414,1.85,2.03
1415,1.85,2.06
1416,1.89,2.28
1417,1.89,2.29
1418,1.74,1.74
1419,1.76,1.78
1420,1.8,1.86
1421,1.75,1.77
1422,1.77,1.78
1423,1.8,1.87
1424,1.8,1.89
1425,1.85,1.98
1426,1.89,2.29
1427,1.91,2.54
1428,1.17,1.21
1429,1.33,2.32
1430,1.33,2.29
1431,1.3,1.75
1432,1.29,1.8
1433,1.33,1.99
1434,1.33,1.98
1435,1.2,1.26
1436,1.22,1.32
1437,1.25,1.45
1438,1.23,1.34
1439,1.22,1.33
1440,1.26,1.46
1441,1.26,1.48
1442,1.3,1.69
1443,1.32,1.96
1444,1.33,2.28
1445,1.21,1.24
1446,1.36,2.33
1447,1.36,2.3
1448,1.34,1.76
1449,1.33,1.81
1450,1.36,1.99
1451,1.36,1.99
1452,1.24,1.31
1453,1.26,1.37
1454,1.29,1.47
1455,1.26,1.36
1456,1.26,1.36
1457,1.29,1.48
1458,1.3,1.5
1459,1.34,1.7
1460,1.37,1.98
1461,1.37,2.29
1462,1.25,1.27
1463,1.41,2.35
1464,1.41,2.32
1465,1.37,1.77
1466,1.37,1.82
1467,1.39,2.01
1468,1.39,2.01
1469,1.29,1.34
1470,1.31,1.39
1471,1.33,1.49
1472,1.31,1.4
1473,1.31,1.41
1474,1.34,1.51
1475,1.34,1.52
1476,1.38,1.72
1477,1.39,2.0
1478,1.41,2.31
1479,1.3,1.31
1480,1.43,2.35
1481,1.43,2.32
1482,1.41,1.78
1483,1.41,1.83
1484,1.44,2.03
1485,1.44,2.04
1486,1.33,1.39
1487,1.35,1.44
1488,1.38,1.53
1489,1.35,1.44
1490,1.35,1.44
1491,1.38,1.54
1492,1.38,1.56
1493,1.42,1.74
1494,1.44,2.03
1495,1.43,2.31
1496,1.34,1.36
1497,1.47,2.38
1498,1.47,2.34
1499,1.45,1.8
1500,1.45,1.85
1501,1.46,2.05
1502,1.46,2.05
1503,1.37,1.44
1504,1.39,1.48
1505,1.42,1.56
1506,1.39,1.48
1507,1.39,1.48
1508,1.43,1.58
1509,1.43,1.6
1510,1.45,1.76
1511,1.46,2.05
1512,1.47,2.34
1513,1.38,1.39
1514,1.52,2.39
1515,1.53,2.36
1516,1.48,1.81
1517,1.48,1.86
1518,1.49,2.07
1519,1.49,2.07
1520,1.41,1.47
1521,1.44,1.52
1522,1.45,1.59
1523,1.44,1.51
1524,1.43,1.52
1525,1.46,1.6
1526,1.46,1.62
1527,1.48,1.78
1528,1.49,2.07
1529,1.53,2.35
1530,1.44,1.45
1531,1.59,2.42
1532,1.59,2.38
1533,1.52,1.84
1534,1.52,1.88
1535,1.54,2.11
1536,1.55,2.11
1537,1.46,1.52
1538,1.47,1.56
1539,1.5,1.64
1540,1.47,1.56
1541,1.47,1.55
1542,1.5,1.65
1543,1.5,1.66
1544,1.52,1.81
1545,1.55,2.11
1546,1.59,2.37
1547,1.48,1.49
1548,1.64,2.45
1549,1.64,2.42
1550,1.56,1.87
1551,1.56,1.91
1552,1.6,2.14
1553,1.6,2.14
1554,1.51,1.56
1555,1.52,1.59
1556,1.54,1.68
1557,1.52,1.6
1558,1.52,1.6
1559,1.54,1.69
1560,1.54,1.71
1561,1.56,1.84
1562,1.6,2.13
1563,1.64,2.4
1564,1.54,1.55
1565,1.69,2.49
1566,1.7,2.46
1567,1.6,1.9
1568,1.6,1.94
1569,1.67,2.18
1570,1.67,2.18
1571,1.54,1.59
1572,1.55,1.63
1573,1.57,1.71
1574,1.56,1.63
1575,1.55,1.63
1576,1.57,1.72
1577,1.58,1.74
1578,1.61,1.87
1579,1.67,2.17
1580,1.7,2.44
1581,1.58,1.58
1582,1.75,2.53
1583,1.75,2.5
1584,1.66,1.94
1585,1.66,1.97
1586,1.72,2.22
1587,1.72,2.22
1588,1.58,1.62
1589,1.6,1.66
1590,1.62,1.75
1591,1.59,1.66
1592,1.59,1.66
1593,1.62,1.77
1594,1.63,1.78
1595,1.66,1.9
1596,1.72,2.22
1597,1.75,2.47
1598,1.61,1.62
1599,1.8,2.57
1600,1.8,2.54
1601,1.71,1.97
1602,1.72,2.01
1603,1.77,2.25
1604,1.77,2.26
1605,1.62,1.67
1606,1.64,1.69
1607,1.67,1.79
1608,1.64,1.7
1609,1.64,1.69
1610,1.67,1.8
1611,1.68,1.82
1612,1.72,1.93
1613,1.77,2.26
1614,1.8,2.51
1615,1.65,1.66
1616,1.84,2.61
1617,1.84,2.58
1618,1.78,2.01
1619,1.78,2.04
1620,1.82,2.29
1621,1.82,2.29
1622,1.67,1.7
1623,1.68,1.73
1624,1.73,1.83
1625,1.68,1.74
1626,1.68,1.74
1627,1.73,1.84
1628,1.73,1.85
1629,1.78,1.97
1630,1.82,2.3
1631,1.84,2.55
1632,1.69,1.7
1633,1.88,2.63
1634,1.88,2.61
1635,1.83,2.04
1636,1.83,2.07
1637,1.87,2.33
1638,1.87,2.34
1639,1.71,1.73
1640,1.74,1.79
1641,1.78,1.87
1642,1.74,1.8
1643,1.74,1.8
1644,1.78,1.88
1645,1.78,1.89
1646,1.83,2.03
1647,1.87,2.34
1648,1.88,2.58
1649,1.74,1.74
1650,1.92,2.67
1651,1.92,2.64
1652,1.88,2.09
1653,1.88,2.1
1654,1.91,2.37
1655,1.91,2.37
1656,1.75,1.78
1657,1.79,1.84
1658,1.83,1.91
1659,1.79,1.83
1660,1.79,1.84
1661,1.83,1.92
1662,1.83,1.93
1663,1.88,2.08
1664,1.91,2.37
1665,1.92,2.62
1666,1.13,1.09
1667,1.32,2.26
1668,1.32,2.23
1669,1.27,1.7
1670,1.26,1.76
1671,1.31,1.95
1672,1.31,1.92
1673,1.16,1.18
1674,1.19,1.24
1675,1.22,1.38
1676,1.19,1.25
1677,1.19,1.25
1678,1.22,1.4
1679,1.22,1.42
1680,1.27,1.65
1681,1.31,1.9
1682,1.32,2.21
1683,1.18,1.14
1684,1.35,2.28
1685,1.35,2.24
1686,1.31,1.72
1687,1.31,1.77
1688,1.35,1.95
1689,1.35,1.93
1690,1.21,1.22
1691,1.23,1.28
1692,1.26,1.42
1693,1.23,1.29
1694,1.23,1.29
1695,1.26,1.43
1696,1.26,1.45
1697,1.31,1.67
1698,1.35,1.92
1699,1.35,2.23
1700,1.23,1.18
1701,1.39,2.3
1702,1.39,2.26
1703,1.35,1.73
1704,1.35,1.78
1705,1.38,1.96
1706,1.38,1.95
1707,1.25,1.26
1708,1.27,1.32
1709,1.3,1.45
1710,1.28,1.33
1711,1.28,1.33
1712,1.31,1.46
1713,1.31,1.48
1714,1.35,1.69
1715,1.38,1.94
1716,1.39,2.25
1717,1.27,1.22
1718,1.42,2.31
1719,1.42,2.27
1720,1.39,1.75
1721,1.39,1.8
1722,1.42,1.98
1723,1.42,1.98
1724,1.3,1.3
1725,1.32,1.37
1726,1.35,1.48
1727,1.32,1.37
1728,1.32,1.38
1729,1.34,1.41
1730,1.35,1.51
1731,1.39,1.71
1732,1.42,1.97
1733,1.42,2.26
1734,1.31,1.25
1735,1.46,2.33
1736,1.46,2.29
1737,1.43,1.76
1738,1.43,1.81
1739,1.44,1.99
1740,1.44,1.99
1741,1.34,1.34
1742,1.36,1.42
1743,1.39,1.51
1744,1.36,1.42
1745,1.37,1.42
1746,1.39,1.53
1747,1.39,1.54
1748,1.43,1.73
1749,1.44,1.99
1750,1.46,2.28
1751,1.36,1.3
1752,1.51,2.34
1753,1.45,1.73
1754,1.45,1.78
1755,1.45,1.82
1756,1.48,2.0
1757,1.48,2.01
1758,1.39,1.39
1759,1.4,1.46
1760,1.42,1.54
1761,1.41,1.46
1762,1.41,1.46
1763,1.49,2.13
1764,1.42,1.57
1765,1.46,1.74
1766,1.48,2.01
1767,1.52,2.28
1768,1.41,1.34
1769,1.57,2.37
1770,1.57,2.33
1771,1.49,1.8
1772,1.49,1.85
1773,1.53,2.04
1774,1.53,2.06
1775,1.43,1.43
1776,1.45,1.49
1777,1.47,1.58
1778,1.45,1.5
1779,1.46,1.51
1780,1.47,1.59
1781,1.47,1.6
1782,1.5,1.77
1783,1.53,2.04
1784,1.58,2.31
1785,1.45,1.4
1786,1.63,2.4
1787,1.63,2.37
1788,1.54,1.83
1789,1.54,1.88
1790,1.58,2.07
1791,1.59,2.07
1792,1.48,1.48
1793,1.49,1.54
1794,1.51,1.62
1795,1.49,1.54
1796,1.5,1.54
1797,1.51,1.63
1798,1.51,1.64
1799,1.54,1.8
1800,1.59,2.07
1801,1.64,2.35
1802,1.5,1.45
1803,1.69,2.44
1804,1.69,2.4
1805,1.58,1.86
1806,1.58,1.91
1807,1.64,2.11
1808,1.65,2.11
1809,1.52,1.51
1810,1.53,1.58
1811,1.55,1.65
1812,1.53,1.57
1813,1.53,1.57
1814,1.55,1.66
1815,1.55,1.68
1816,1.58,1.82
1817,1.65,2.1
1818,1.69,2.37
1819,1.54,1.49
1820,1.73,2.46
1821,1.73,2.43
1822,1.58,1.84
1823,1.67,1.96
1824,1.74,2.16
1825,1.74,2.17
1826,1.59,1.59
1827,1.6,1.64
1828,1.63,1.72
1829,1.6,1.63
1830,1.6,1.64
1831,1.63,1.73
1832,1.63,1.75
1833,1.68,1.88
1834,1.74,2.17
1835,1.78,2.43
1836,1.58,1.53
1837,1.78,2.5
1838,1.79,2.47
1839,1.69,1.93
1840,1.69,1.97
1841,1.75,2.17
1842,1.75,2.18
1843,1.6,1.6
1844,1.61,1.64
1845,1.64,1.73
1846,1.61,1.64
1847,1.61,1.65
1848,1.64,1.74
1849,1.64,1.76
1850,1.69,1.89
1851,1.76,2.18
1852,1.78,2.43
1853,1.62,1.58
1854,1.82,2.53
1855,1.83,2.5
1856,1.74,1.96
1857,1.74,2.0
1858,1.8,2.2
1859,1.8,2.21
1860,1.64,1.64
1861,1.66,1.68
1862,1.69,1.77
1863,1.66,1.68
1864,1.66,1.68
1865,1.69,1.78
1866,1.68,1.77
1867,1.74,1.92
1868,1.8,2.21
1869,1.85,2.48
1870,1.67,1.63
1871,1.86,2.55
1872,1.86,2.52
1873,1.79,1.99
1874,1.79,2.02
1875,1.84,2.24
1876,1.84,2.24
1877,1.68,1.68
1878,1.71,1.72
1879,1.74,1.81
1880,1.71,1.72
1881,1.71,1.72
1882,1.74,1.82
1883,1.75,1.84
1884,1.79,1.94
1885,1.85,2.25
1886,1.86,2.49
1887,1.72,1.68
1888,1.91,2.59
1889,1.91,2.56
1890,1.84,2.02
1891,1.84,2.05
1892,1.88,2.27
1893,1.88,2.28
1894,1.73,1.73
1895,1.76,1.77
1896,1.79,1.85
1897,1.75,1.76
1898,1.76,1.77
1899,1.8,1.86
1900,1.8,1.88
1901,1.85,1.97
1902,1.88,2.28
1903,1.91,2.53
1904,1.16,1.2
1905,1.32,2.31
1906,1.32,2.28
1907,1.29,1.73
1908,1.29,1.78
1909,1.32,1.98
1910,1.32,1.97
1911,1.19,1.26
1912,1.22,1.31
1913,1.25,1.44
1914,1.22,1.33
1915,1.22,1.32
1916,1.25,1.46
1917,1.25,1.47
1918,1.29,1.68
1919,1.32,1.96
1920,1.32,2.27
1921,1.21,1.23
1922,1.36,2.32
1923,1.36,2.29
1924,1.33,1.75
1925,1.33,1.8
1926,1.35,1.99
1927,1.35,1.99
1928,1.24,1.3
1929,1.26,1.36
1930,1.29,1.47
1931,1.26,1.36
1932,1.26,1.35
1933,1.29,1.48
1934,1.29,1.5
1935,1.33,1.7
1936,1.36,1.98
1937,1.36,2.29
1938,1.25,1.26
1939,1.4,2.35
1940,1.4,2.31
1941,1.37,1.76
1942,1.37,1.81
1943,1.39,2.01
1944,1.39,2.01
1945,1.28,1.34
1946,1.3,1.39
1947,1.33,1.49
1948,1.3,1.4
1949,1.31,1.4
1950,1.33,1.51
1951,1.33,1.52
1952,1.37,1.72
1953,1.39,2.0
1954,1.4,2.31
1955,1.3,1.3
1956,1.43,2.36
1957,1.43,2.32
1958,1.41,1.78
1959,1.41,1.82
1960,1.43,2.04
1961,1.43,2.04
1962,1.33,1.38
1963,1.35,1.44
1964,1.37,1.53
1965,1.35,1.44
1966,1.35,1.44
1967,1.37,1.54
1968,1.38,1.56
1969,1.41,1.74
1970,1.43,2.03
1971,1.43,2.31
1972,1.34,1.36
1973,1.47,2.38
1974,1.47,2.35
1975,1.45,1.8
1976,1.45,1.84
1977,1.45,2.05
1978,1.45,2.06
1979,1.37,1.43
1980,1.39,1.48
1981,1.42,1.56
1982,1.39,1.47
1983,1.39,1.48
1984,1.42,1.58
1985,1.42,1.59
1986,1.45,1.77
1987,1.46,2.05
1988,1.47,2.34
1989,1.38,1.39
1990,1.52,2.4
1991,1.53,2.36
1992,1.48,1.82
1993,1.47,1.86
1994,1.49,2.08
1995,1.49,2.08
1996,1.41,1.47
1997,1.44,1.51
1998,1.45,1.59
1999,1.43,1.51
2000,1.43,1.51
2001,1.45,1.6
2002,1.45,1.62
2003,1.48,1.79
2004,1.49,2.08
2005,1.53,2.35
2006,1.44,1.45
2007,1.58,2.42
2008,1.58,2.39
2009,1.51,1.85
2010,1.51,1.89
2011,1.54,2.12
2012,1.55,2.11
2013,1.46,1.51
2014,1.47,1.55
2015,1.49,1.64
2016,1.47,1.55
2017,1.47,1.55
2018,1.49,1.65
2019,1.49,1.66
2020,1.51,1.82
2021,1.55,2.11
2022,1.59,2.38
2023,1.48,1.49
2024,1.64,2.46
2025,1.64,2.43
2026,1.55,1.88
2027,1.55,1.92
2028,1.6,2.15
2029,1.6,2.14
2030,1.5,1.55
2031,1.52,1.59
2032,1.53,1.68
2033,1.52,1.59
2034,1.52,1.6
2035,1.53,1.69
2036,1.54,1.71
2037,1.55,1.85
2038,1.6,2.14
2039,1.64,2.41
2040,1.54,1.54
2041,1.69,2.49
2042,1.7,2.47
2043,1.6,1.91
2044,1.6,1.95
2045,1.66,2.19
2046,1.66,2.19
2047,1.54,1.58
2048,1.55,1.63
2049,1.57,1.71
2050,1.55,1.62
2051,1.55,1.63
2052,1.57,1.72
2053,1.57,1.74
2054,1.61,1.88
2055,1.66,2.18
2056,1.7,2.45
2057,1.57,1.58
2058,1.75,2.53
2059,1.75,2.5
2060,1.66,1.94
2061,1.66,1.98
2062,1.72,2.22
2063,1.72,2.23
2064,1.58,1.62
2065,1.59,1.66
2066,1.62,1.75
2067,1.59,1.66
2068,1.59,1.65
2069,1.62,1.76
2070,1.62,1.78
2071,1.66,1.91
2072,1.72,2.23
2073,1.75,2.48
2074,1.61,1.61
2075,1.8,2.57
2076,1.8,2.54
2077,1.71,1.98
2078,1.71,2.01
2079,1.77,2.26
2080,1.77,2.26
2081,1.62,1.66
2082,1.63,1.69
2083,1.67,1.79
2084,1.64,1.7
2085,1.64,1.69
2086,1.67,1.8
2087,1.68,1.82
2088,1.72,1.94
2089,1.77,2.26
2090,1.8,2.52
2091,1.64,1.65
2092,1.84,2.61
2093,1.84,2.58
2094,1.78,2.01
2095,1.77,2.04
2096,1.82,2.29
2097,1.81,2.3
2098,1.66,1.7
2099,1.68,1.74
2100,1.73,1.83
2101,1.68,1.74
2102,1.68,1.74
2103,1.73,1.84
2104,1.73,1.84
2105,1.78,1.98
2106,1.82,2.3
2107,1.84,2.55
2108,1.69,1.69
2109,1.88,2.64
2110,1.88,2.61
2111,1.83,2.04
2112,1.83,2.07
2113,1.86,2.33
2114,1.86,2.34
2115,1.71,1.73
2116,1.74,1.79
2117,1.78,1.87
2118,1.74,1.79
2119,1.74,1.79
2120,1.78,1.88
2121,1.78,1.89
2122,1.83,2.03
2123,1.87,2.34
2124,1.88,2.58
2125,1.74,1.73
2126,1.92,2.67
2127,1.92,2.65
2128,1.88,2.09
2129,1.88,2.11
2130,1.9,2.37
2131,1.9,2.37
2132,1.75,1.78
2133,1.79,1.83
2134,1.83,1.91
2135,1.79,1.83
2136,1.79,1.84
2137,1.83,1.92
2138,1.83,1.93
2139,1.88,2.08
2140,1.9,2.37
2141,1.92,2.62
2142,1.14,1.15
2143,1.28,2.26
2144,1.28,2.24
2145,1.26,1.67
2146,1.26,1.7
2147,1.28,1.95
2148,1.28,1.95
2149,1.18,1.22
2150,1.21,1.29
2151,1.23,1.41
2152,1.21,1.29
2153,1.21,1.29
2154,1.23,1.43
2155,1.23,1.44
2156,1.26,1.64
2157,1.28,1.94
2158,1.28,2.22
2159,1.19,1.19
2160,1.32,2.3
2161,1.32,2.27
2162,1.3,1.71
2163,1.3,1.74
2164,1.32,1.98
2165,1.32,1.98
2166,1.23,1.27
2167,1.25,1.33
2168,1.27,1.45
2169,1.25,1.33
2170,1.26,1.34
2171,1.28,1.47
2172,1.28,1.48
2173,1.31,1.68
2174,1.32,1.97
2175,1.33,2.26
2176,1.23,1.24
2177,1.37,2.33
2178,1.37,2.3
2179,1.34,1.74
2180,1.34,1.77
2181,1.36,2.01
2182,1.36,2.02
2183,1.27,1.31
2184,1.29,1.37
2185,1.31,1.49
2186,1.29,1.37
2187,1.29,1.38
2188,1.31,1.5
2189,1.32,1.52
2190,1.34,1.72
2191,1.36,2.01
2192,1.37,2.29
2193,1.28,1.28
2194,1.42,2.37
2195,1.42,2.34
2196,1.38,1.78
2197,1.38,1.81
2198,1.4,2.05
2199,1.4,2.05
2200,1.32,1.35
2201,1.33,1.41
2202,1.36,1.53
2203,1.33,1.41
2204,1.34,1.42
2205,1.36,1.54
2206,1.36,1.56
2207,1.38,1.76
2208,1.4,2.05
2209,1.42,2.33
2210,1.33,1.33
2211,1.46,2.39
2212,1.46,2.36
2213,1.41,1.8
2214,1.41,1.83
2215,1.44,2.08
2216,1.44,2.08
2217,1.37,1.4
2218,1.38,1.46
2219,1.39,1.56
2220,1.38,1.46
2221,1.38,1.46
2222,1.39,1.57
2223,1.39,1.59
2224,1.42,1.78
2225,1.44,2.08
2226,1.47,2.35
2227,1.38,1.37
2228,1.52,2.41
2229,1.53,2.38
2230,1.45,1.83
2231,1.45,1.86
2232,1.48,2.1
2233,1.48,2.1
2234,1.41,1.44
2235,1.42,1.49
2236,1.43,1.59
2237,1.42,1.49
2238,1.42,1.49
2239,1.43,1.6
2240,1.43,1.62
2241,1.46,1.81
2242,1.48,2.1
2243,1.53,2.37
2244,1.44,1.43
2245,1.57,2.45
2246,1.58,2.42
2247,1.5,1.87
2248,1.5,1.89
2249,1.54,2.14
2250,1.54,2.14
2251,1.45,1.48
2252,1.46,1.53
2253,1.47,1.63
2254,1.46,1.53
2255,1.46,1.53
2256,1.47,1.64
2257,1.47,1.66
2258,1.5,1.85
2259,1.54,2.14
2260,1.58,2.41
2261,1.47,1.47
2262,1.63,2.49
2263,1.63,2.46
2264,1.54,1.9
2265,1.54,1.93
2266,1.59,2.18
2267,1.59,2.18
2268,1.48,1.52
2269,1.5,1.57
2270,1.52,1.67
2271,1.5,1.58
2272,1.5,1.58
2273,1.52,1.69
2274,1.52,1.7
2275,1.54,1.88
2276,1.6,2.17
2277,1.64,2.44
2278,1.51,1.51
2279,1.69,2.52
2280,1.69,2.49
2281,1.6,1.94
2282,1.6,1.97
2283,1.65,2.21
2284,1.65,2.22
2285,1.52,1.56
2286,1.54,1.61
2287,1.56,1.7
2288,1.54,1.61
2289,1.54,1.61
2290,1.56,1.72
2291,1.56,1.73
2292,1.6,1.91
2293,1.66,2.21
2294,1.69,2.47
2295,1.55,1.55
2296,1.74,2.55
2297,1.74,2.53
2298,1.65,1.97
2299,1.65,2.0
2300,1.71,2.25
2301,1.7,2.25
2302,1.56,1.59
2303,1.58,1.65
2304,1.61,1.74
2305,1.58,1.65
2306,1.58,1.65
2307,1.61,1.75
2308,1.61,1.77
2309,1.66,1.95
2310,1.71,2.25
2311,1.74,2.5
2312,1.58,1.58
2313,1.78,2.58
2314,1.78,2.56
2315,1.71,2.01
2316,1.71,2.03
2317,1.76,2.28
2318,1.76,2.28
2319,1.61,1.64
2320,1.63,1.69
2321,1.66,1.78
2322,1.63,1.69
2323,1.63,1.7
2324,1.66,1.79
2325,1.66,1.8
2326,1.71,1.98
2327,1.76,2.28
2328,1.78,2.53
2329,1.63,1.63
2330,1.82,2.61
2331,1.82,2.59
2332,1.77,2.05
2333,1.77,2.07
2334,1.81,2.31
2335,1.81,2.32
2336,1.65,1.68
2337,1.68,1.74
2338,1.71,1.81
2339,1.68,1.74
2340,1.68,1.74
2341,1.72,1.82
2342,1.69,1.77
2343,1.77,2.02
2344,1.81,2.32
2345,1.82,2.56
2346,1.68,1.67
2347,1.87,2.64
2348,1.87,2.62
2349,1.82,2.08
2350,1.82,2.1
2351,1.85,2.34
2352,1.84,2.35
2353,1.7,1.72
2354,1.73,1.78
2355,1.77,1.86
2356,1.73,1.79
2357,1.74,1.79
2358,1.77,1.87
2359,1.77,1.87
2360,1.82,2.06
2361,1.85,2.35
2362,1.87,2.59
2363,1.71,1.71
2364,1.91,2.68
2365,1.91,2.66
2366,1.87,2.12
2367,1.87,2.14
2368,1.89,2.38
2369,1.89,2.38
2370,1.75,1.77
2371,1.79,1.83
2372,1.82,1.9
2373,1.79,1.83
2374,1.79,1.83
2375,1.82,1.91
2376,1.82,1.92
2377,1.87,2.1
2378,1.89,2.39
2379,1.92,2.63
2380,1.27,1.41
2381,1.37,2.63
2382,1.33,2.62
2383,1.28,2.06
2384,1.28,2.07
2385,1.29,2.35
2386,1.29,2.35
2387,1.28,1.51
2388,1.28,1.54
2389,1.28,1.73
2390,1.28,1.54
2391,1.28,1.54
2392,1.28,1.72
2393,1.28,1.7
2394,1.28,2.06
2395,1.29,2.34
2396,1.33,2.61
2397,1.32,1.46
2398,1.42,2.66
2399,1.38,2.65
2400,1.32,2.11
2401,1.32,2.11
2402,1.34,2.38
2403,1.35,2.39
2404,1.32,1.54
2405,1.32,1.57
2406,1.32,1.77
2407,1.32,1.57
2408,1.32,1.57
2409,1.32,1.76
2410,1.32,1.74
2411,1.32,2.1
2412,1.35,2.38
2413,1.38,2.64
2414,1.35,1.49
2415,1.46,2.69
2416,1.43,2.68
2417,1.37,2.15
2418,1.37,2.15
2419,1.4,2.42
2420,1.41,2.42
2421,1.36,1.57
2422,1.35,1.6
2423,1.36,1.82
2424,1.35,1.6
2425,1.35,1.6
2426,1.36,1.81
2427,1.36,1.79
2428,1.38,2.14
2429,1.41,2.42
2430,1.44,2.67
2431,1.39,1.52
2432,1.49,2.71
2433,1.48,2.7
2434,1.43,2.19
2435,1.43,2.19
2436,1.45,2.45
2437,1.45,2.45
2438,1.39,1.61
2439,1.39,1.64
2440,1.41,1.86
2441,1.39,1.64
2442,1.39,1.64
2443,1.41,1.85
2444,1.41,1.83
2445,1.43,2.18
2446,1.46,2.45
2447,1.48,2.69
2448,1.43,1.56
2449,1.54,2.75
2450,1.54,2.74
2451,1.48,2.22
2452,1.48,2.22
2453,1.51,2.48
2454,1.51,2.48
2455,1.43,1.65
2456,1.43,1.68
2457,1.46,1.91
2458,1.43,1.68
2459,1.43,1.68
2460,1.46,1.9
2461,1.46,1.88
2462,1.48,2.21
2463,1.51,2.48
2464,1.54,2.73
2465,1.48,1.61
2466,1.59,2.79
2467,1.59,2.78
2468,1.53,2.26
2469,1.53,2.27
2470,1.56,2.53
2471,1.56,2.52
2472,1.48,1.7
2473,1.48,1.73
2474,1.5,1.95
2475,1.48,1.73
2476,1.48,1.72
2477,1.5,1.95
2478,1.5,1.93
2479,1.54,2.26
2480,1.56,2.52
2481,1.59,2.77
2482,1.52,1.65
2483,1.64,2.83
2484,1.64,2.82
2485,1.59,2.31
2486,1.59,2.31
2487,1.61,2.56
2488,1.62,2.56
2489,1.52,1.73
2490,1.53,1.78
2491,1.56,1.99
2492,1.52,1.78
2493,1.52,1.77
2494,1.55,1.99
2495,1.56,1.97
2496,1.59,2.31
2497,1.61,2.56
2498,1.64,2.81
2499,1.56,1.7
2500,1.68,2.86
2501,1.69,2.85
2502,1.65,2.35
2503,1.64,2.35
2504,1.67,2.6
2505,1.67,2.6
2506,1.56,1.75
2507,1.56,1.82
2508,1.62,2.04
2509,1.56,1.82
2510,1.56,1.82
2511,1.62,2.03
2512,1.62,2.03
2513,1.65,2.34
2514,1.67,2.59
2515,1.69,2.84
2516,1.58,1.73
2517,1.74,2.9
2518,1.74,2.89
2519,1.7,2.39
2520,1.7,2.39
2521,1.72,2.64
2522,1.72,2.63
2523,1.59,1.79
2524,1.63,1.88
2525,1.68,2.1
2526,1.63,1.88
2527,1.63,1.88
2528,1.68,2.09
2529,1.68,2.08
2530,1.7,2.39
2531,1.72,2.63
2532,1.74,2.88
2533,1.62,1.77
2534,1.79,2.94
2535,1.79,2.93
2536,1.75,2.43
2537,1.75,2.43
2538,1.77,2.68
2539,1.77,2.67
2540,1.65,1.83
2541,1.7,1.94
2542,1.73,2.15
2543,1.7,1.94
2544,1.7,1.94
2545,1.74,2.15
2546,1.74,2.14
2547,1.76,2.43
2548,1.77,2.67
2549,1.79,2.92
2550,1.67,1.83
2551,1.83,2.98
2552,1.83,2.97
2553,1.8,2.48
2554,1.8,2.48
2555,1.82,2.73
2556,1.82,2.72
2557,1.72,1.88
2558,1.75,1.99
2559,1.78,2.21
2560,1.75,1.99
2561,1.76,2.0
2562,1.78,2.2
2563,1.79,2.2
2564,1.8,2.48
2565,1.82,2.71
2566,1.83,2.96
2567,1.73,1.87
2568,1.87,3.02
2569,1.87,3.01
2570,1.85,2.53
2571,1.85,2.53
2572,1.86,2.78
2573,1.86,2.77
2574,1.77,1.92
2575,1.81,2.03
2576,1.83,2.27
2577,1.81,2.04
2578,1.81,2.04
2579,1.83,2.27
2580,1.84,2.27
2581,1.84,2.53
2582,1.86,2.76
2583,1.87,2.99
2584,1.79,1.92
2585,1.91,3.06
2586,1.91,3.05
2587,1.89,2.57
2588,1.89,2.57
2589,1.91,2.83
2590,1.9,2.82
2591,1.82,1.98
2592,1.87,2.09
2593,1.87,2.32
2594,1.87,2.09
2595,1.87,2.1
2596,1.87,2.32
2597,1.87,2.32
2598,1.89,2.57
2599,1.9,2.8
2600,1.91,3.04
2601,1.84,1.96
2602,1.95,3.12
2603,1.95,3.11
2604,1.93,2.62
2605,1.93,2.63
2606,1.95,2.89
2607,1.95,2.87
2608,1.88,2.03
2609,1.9,2.13
2610,1.91,2.38
2611,1.9,2.13
2612,1.9,2.14
2613,1.91,2.38
2614,1.91,2.38
2615,1.93,2.62
2616,1.95,2.86
2617,1.95,3.09
2618,1.11,1.05
2619,1.28,2.18
2620,1.28,2.14
2621,1.24,1.61
2622,1.24,1.66
2623,1.28,1.85
2624,1.28,1.85
2625,1.14,1.12
2626,1.16,1.2
2627,1.2,1.33
2628,1.16,1.21
2629,1.17,1.21
2630,1.2,1.35
2631,1.2,1.37
2632,1.25,1.57
2633,1.28,1.84
2634,1.27,2.13
2635,1.16,1.09
2636,1.31,2.21
2637,1.32,2.17
2638,1.29,1.65
2639,1.29,1.7
2640,1.31,1.87
2641,1.31,1.87
2642,1.19,1.17
2643,1.21,1.25
2644,1.24,1.38
2645,1.21,1.26
2646,1.21,1.26
2647,1.24,1.39
2648,1.24,1.41
2649,1.3,1.62
2650,1.31,1.86
2651,1.32,2.16
2652,1.2,1.13
2653,1.36,2.25
2654,1.36,2.21
2655,1.34,1.68
2656,1.33,1.73
2657,1.35,1.9
2658,1.35,1.9
2659,1.23,1.22
2660,1.25,1.29
2661,1.29,1.42
2662,1.25,1.3
2663,1.25,1.3
2664,1.29,1.43
2665,1.29,1.45
2666,1.34,1.65
2667,1.35,1.9
2668,1.36,2.19
2669,1.24,1.18
2670,1.4,2.28
2671,1.4,2.24
2672,1.37,1.71
2673,1.37,1.76
2674,1.39,1.93
2675,1.39,1.94
2676,1.28,1.25
2677,1.29,1.34
2678,1.33,1.46
2679,1.3,1.34
2680,1.3,1.34
2681,1.34,1.48
2682,1.34,1.5
2683,1.37,1.68
2684,1.39,1.93
2685,1.4,2.23
2686,1.29,1.22
2687,1.44,2.29
2688,1.44,2.25
2689,1.4,1.72
2690,1.4,1.77
2691,1.42,1.96
2692,1.42,1.96
2693,1.33,1.31
2694,1.35,1.39
2695,1.37,1.48
2696,1.35,1.4
2697,1.35,1.4
2698,1.37,1.5
2699,1.37,1.52
2700,1.4,1.69
2701,1.42,1.96
2702,1.45,2.24
2703,1.35,1.27
2704,1.5,2.3
2705,1.51,2.27
2706,1.43,1.74
2707,1.43,1.78
2708,1.45,1.97
2709,1.46,1.97
2710,1.37,1.36
2711,1.38,1.43
2712,1.4,1.51
2713,1.38,1.43
2714,1.38,1.42
2715,1.4,1.52
2716,1.4,1.54
2717,1.43,1.71
2718,1.46,1.97
2719,1.51,2.25
2720,1.4,1.32
2721,1.56,2.34
2722,1.56,2.3
2723,1.47,1.77
2724,1.47,1.81
2725,1.51,2.01
2726,1.52,2.01
2727,1.41,1.39
2728,1.42,1.45
2729,1.43,1.54
2730,1.42,1.45
2731,1.42,1.46
2732,1.43,1.56
2733,1.44,1.57
2734,1.48,1.73
2735,1.52,2.01
2736,1.56,2.28
2737,1.43,1.37
2738,1.62,2.37
2739,1.62,2.34
2740,1.52,1.79
2741,1.52,1.84
2742,1.57,2.04
2743,1.57,2.04
2744,1.44,1.43
2745,1.46,1.5
2746,1.48,1.59
2747,1.46,1.5
2748,1.46,1.5
2749,1.48,1.6
2750,1.48,1.61
2751,1.52,1.76
2752,1.57,2.04
2753,1.62,2.31
2754,1.47,1.41
2755,1.67,2.4
2756,1.67,2.37
2757,1.56,1.83
2758,1.56,1.87
2759,1.63,2.08
2760,1.63,2.08
2761,1.48,1.48
2762,1.5,1.54
2763,1.53,1.62
2764,1.5,1.54
2765,1.5,1.54
2766,1.53,1.64
2767,1.53,1.65
2768,1.57,1.79
2769,1.64,2.08
2770,1.67,2.34
2771,1.51,1.45
2772,1.72,2.43
2773,1.72,2.4
2774,1.61,1.86
2775,1.61,1.9
2776,1.68,2.11
2777,1.68,2.11
2778,1.53,1.52
2779,1.55,1.58
2780,1.57,1.66
2781,1.54,1.57
2782,1.54,1.57
2783,1.58,1.68
2784,1.57,1.69
2785,1.62,1.82
2786,1.69,2.12
2787,1.72,2.37
2788,1.56,1.5
2789,1.76,2.46
2790,1.76,2.43
2791,1.67,1.89
2792,1.67,1.93
2793,1.74,2.15
2794,1.74,2.15
2795,1.57,1.57
2796,1.59,1.61
2797,1.62,1.7
2798,1.59,1.61
2799,1.59,1.61
2800,1.62,1.71
2801,1.62,1.73
2802,1.67,1.86
2803,1.74,2.15
2804,1.76,2.4
2805,1.61,1.56
2806,1.8,2.49
2807,1.8,2.46
2808,1.73,1.92
2809,1.73,1.96
2810,1.78,2.18
2811,1.78,2.18
2812,1.62,1.61
2813,1.63,1.65
2814,1.67,1.74
2815,1.63,1.65
2816,1.63,1.65
2817,1.68,1.75
2818,1.63,1.65
2819,1.73,1.88
2820,1.78,2.19
2821,1.8,2.42
2822,1.65,1.6
2823,1.85,2.53
2824,1.85,2.5
2825,1.78,1.95
2826,1.78,1.98
2827,1.82,2.21
2828,1.82,2.21
2829,1.66,1.63
2830,1.68,1.69
2831,1.73,1.78
2832,1.68,1.69
2833,1.69,1.69
2834,1.73,1.8
2835,1.73,1.81
2836,1.78,1.91
2837,1.82,2.22
2838,1.85,2.46
2839,1.69,1.63
2840,1.89,2.57
2841,1.89,2.54
2842,1.83,1.98
2843,1.83,2.01
2844,1.86,2.24
2845,1.86,2.25
2846,1.7,1.69
2847,1.74,1.74
2848,1.78,1.82
2849,1.75,1.74
2850,1.75,1.74
2851,1.78,1.84
2852,1.79,1.85
2853,1.83,1.94
2854,1.86,2.25
2855,1.89,2.51
2856,1.17,1.21
2857,1.34,2.32
2858,1.34,2.29
2859,1.3,1.75
2860,1.3,1.81
2861,1.33,1.99
2862,1.33,1.98
2863,1.2,1.27
2864,1.22,1.32
2865,1.25,1.45
2866,1.23,1.34
2867,1.22,1.33
2868,1.26,1.47
2869,1.26,1.48
2870,1.3,1.7
2871,1.33,1.96
2872,1.33,2.28
2873,1.22,1.25
2874,1.37,2.33
2875,1.37,2.3
2876,1.34,1.76
2877,1.34,1.81
2878,1.37,1.99
2879,1.37,1.99
2880,1.24,1.31
2881,1.26,1.37
2882,1.29,1.47
2883,1.27,1.36
2884,1.26,1.36
2885,1.29,1.48
2886,1.3,1.5
2887,1.34,1.71
2888,1.37,1.98
2889,1.37,2.29
2890,1.25,1.27
2891,1.41,2.35
2892,1.41,2.32
2893,1.38,1.77
2894,1.38,1.82
2895,1.4,2.0
2896,1.4,2.01
2897,1.29,1.35
2898,1.31,1.39
2899,1.34,1.5
2900,1.31,1.41
2901,1.31,1.41
2902,1.34,1.51
2903,1.34,1.52
2904,1.38,1.72
2905,1.4,2.0
2906,1.41,2.31
2907,1.3,1.31
2908,1.43,2.35
2909,1.43,2.32
2910,1.42,1.78
2911,1.41,1.83
2912,1.44,2.03
2913,1.44,2.03
2914,1.33,1.39
2915,1.35,1.45
2916,1.38,1.53
2917,1.35,1.44
2918,1.35,1.45
2919,1.38,1.54
2920,1.38,1.56
2921,1.42,1.74
2922,1.44,2.03
2923,1.43,2.31
2924,1.34,1.36
2925,1.47,2.38
2926,1.47,2.34
2927,1.46,1.8
2928,1.46,1.85
2929,1.46,2.05
2930,1.46,2.05
2931,1.37,1.44
2932,1.39,1.48
2933,1.43,1.57
2934,1.39,1.48
2935,1.39,1.48
2936,1.43,1.58
2937,1.43,1.6
2938,1.45,1.76
2939,1.46,2.04
2940,1.47,2.33
2941,1.38,1.39
2942,1.52,2.39
2943,1.53,2.36
2944,1.48,1.81
2945,1.48,1.86
2946,1.49,2.07
2947,1.5,2.07
2948,1.41,1.48
2949,1.44,1.52
2950,1.46,1.59
2951,1.44,1.52
2952,1.43,1.52
2953,1.46,1.6
2954,1.46,1.62
2955,1.48,1.78
2956,1.5,2.07
2957,1.53,2.35
2958,1.44,1.46
2959,1.59,2.41
2960,1.59,2.38
2961,1.52,1.84
2962,1.52,1.88
2963,1.55,2.11
2964,1.55,2.1
2965,1.46,1.52
2966,1.48,1.56
2967,1.5,1.64
2968,1.47,1.56
2969,1.48,1.55
2970,1.5,1.65
2971,1.5,1.66
2972,1.52,1.81
2973,1.55,2.1
2974,1.59,2.37
2975,1.48,1.49
2976,1.64,2.45
2977,1.64,2.41
2978,1.56,1.87
2979,1.56,1.91
2980,1.6,2.14
2981,1.6,2.13
2982,1.51,1.56
2983,1.52,1.6
2984,1.54,1.68
2985,1.52,1.6
2986,1.52,1.6
2987,1.54,1.69
2988,1.54,1.71
2989,1.56,1.84
2990,1.61,2.13
2991,1.64,2.4
2992,1.54,1.56
2993,1.7,2.49
2994,1.7,2.46
2995,1.6,1.9
2996,1.6,1.94
2997,1.67,2.18
2998,1.67,2.18
2999,1.55,1.59
3000,1.56,1.63
3001,1.58,1.71
3002,1.56,1.63
3003,1.56,1.63
3004,1.57,1.72
3005,1.58,1.74
3006,1.61,1.86
3007,1.67,2.17
3008,1.7,2.44
3009,1.58,1.59
3010,1.75,2.53
3011,1.75,2.5
3012,1.66,1.93
3013,1.66,1.97
3014,1.72,2.21
3015,1.72,2.22
3016,1.58,1.63
3017,1.6,1.66
3018,1.63,1.75
3019,1.6,1.66
3020,1.6,1.66
3021,1.63,1.77
3022,1.63,1.78
3023,1.66,1.89
3024,1.72,2.22
3025,1.75,2.47
3026,1.61,1.62
3027,1.8,2.57
3028,1.8,2.54
3029,1.71,1.97
3030,1.72,2.01
3031,1.77,2.25
3032,1.77,2.25
3033,1.62,1.67
3034,1.64,1.69
3035,1.67,1.79
3036,1.64,1.7
3037,1.64,1.69
3038,1.67,1.8
3039,1.68,1.82
3040,1.72,1.93
3041,1.77,2.26
3042,1.8,2.51
3043,1.65,1.66
3044,1.84,2.61
3045,1.84,2.58
3046,1.78,2.0
3047,1.78,2.04
3048,1.82,2.29
3049,1.82,2.29
3050,1.67,1.7
3051,1.68,1.73
3052,1.73,1.83
3053,1.68,1.74
3054,1.68,1.74
3055,1.73,1.84
3056,1.74,1.86
3057,1.78,1.96
3058,1.82,2.3
3059,1.84,2.55
3060,1.69,1.7
3061,1.88,2.63
3062,1.88,2.61
3063,1.83,2.03
3064,1.83,2.06
3065,1.87,2.33
3066,1.87,2.34
3067,1.71,1.73
3068,1.74,1.79
3069,1.78,1.88
3070,1.74,1.8
3071,1.74,1.8
3072,1.78,1.88
3073,1.78,1.89
3074,1.83,2.02
3075,1.87,2.34
3076,1.88,2.58
3077,1.75,1.74
3078,1.92,2.67
3079,1.92,2.64
3080,1.88,2.08
3081,1.88,2.1
3082,1.91,2.36
3083,1.91,2.37
3084,1.75,1.78
3085,1.79,1.84
3086,1.83,1.91
3087,1.79,1.83
3088,1.79,1.84
3089,1.83,1.92
3090,1.84,1.93
3091,1.88,2.07
3092,1.91,2.37
3093,1.92,2.61
3094,1.23,1.35
3095,1.35,2.5
3096,1.34,2.48
3097,1.34,1.82
3098,1.34,1.85
3099,1.35,2.2
3100,1.34,2.19
3101,1.28,1.41
3102,1.3,1.46
3103,1.32,1.61
3104,1.3,1.46
3105,1.3,1.46
3106,1.32,1.62
3107,1.33,1.65
3108,1.34,1.79
3109,1.35,2.19
3110,1.34,2.47
3111,1.28,1.39
3112,1.38,2.52
3113,1.38,2.51
3114,1.39,1.85
3115,1.39,1.89
3116,1.39,2.23
3117,1.39,2.22
3118,1.31,1.46
3119,1.34,1.5
3120,1.37,1.65
3121,1.34,1.51
3122,1.34,1.5
3123,1.37,1.66
3124,1.37,1.68
3125,1.39,1.82
3126,1.39,2.22
3127,1.39,2.51
3128,1.31,1.43
3129,1.43,2.54
3130,1.43,2.52
3131,1.42,1.87
3132,1.42,1.88
3133,1.42,2.23
3134,1.42,2.23
3135,1.35,1.48
3136,1.38,1.54
3137,1.41,1.66
3138,1.39,1.54
3139,1.41,1.67
3140,1.41,1.67
3141,1.41,1.69
3142,1.42,1.84
3143,1.42,2.23
3144,1.43,2.52
3145,1.36,1.47
3146,1.45,2.54
3147,1.45,2.52
3148,1.45,1.9
3149,1.45,1.91
3150,1.46,2.26
3151,1.46,2.26
3152,1.4,1.52
3153,1.43,1.57
3154,1.44,1.68
3155,1.43,1.57
3156,1.43,1.57
3157,1.44,1.69
3158,1.44,1.71
3159,1.45,1.88
3160,1.46,2.25
3161,1.45,2.52
3162,1.4,1.5
3163,1.5,2.57
3164,1.5,2.55
3165,1.48,1.94
3166,1.48,1.95
3167,1.48,2.28
3168,1.48,2.28
3169,1.44,1.56
3170,1.47,1.59
3171,1.49,1.72
3172,1.47,1.6
3173,1.47,1.6
3174,1.49,1.73
3175,1.49,1.75
3176,1.48,1.92
3177,1.48,2.27
3178,1.5,2.55
3179,1.44,1.54
3180,1.55,2.62
3181,1.54,2.6
3182,1.53,1.99
3183,1.53,2.0
3184,1.53,2.33
3185,1.53,2.33
3186,1.49,1.6
3187,1.52,1.65
3188,1.54,1.77
3189,1.52,1.65
3190,1.52,1.65
3191,1.54,1.78
3192,1.53,1.79
3193,1.53,1.97
3194,1.53,2.32
3195,1.55,2.59
3196,1.49,1.58
3197,1.62,2.61
3198,1.62,2.59
3199,1.55,2.02
3200,1.55,2.02
3201,1.59,2.33
3202,1.59,2.33
3203,1.52,1.62
3204,1.54,1.66
3205,1.53,1.76
3206,1.54,1.66
3207,1.54,1.66
3208,1.53,1.77
3209,1.53,1.78
3210,1.55,2.01
3211,1.59,2.33
3212,1.62,2.59
3213,1.53,1.62
3214,1.68,2.65
3215,1.68,2.63
3216,1.61,2.06
3217,1.61,2.06
3218,1.65,2.37
3219,1.65,2.37
3220,1.57,1.7
3221,1.57,1.7
3222,1.57,1.7
3223,1.57,1.7
3224,1.57,1.7
3225,1.58,1.81
3226,1.58,1.82
3227,1.62,2.05
3228,1.65,2.37
3229,1.68,2.62
3230,1.58,1.67
3231,1.73,2.68
3232,1.73,2.66
3233,1.67,2.1
3234,1.67,2.1
3235,1.7,2.4
3236,1.7,2.4
3237,1.6,1.68
3238,1.61,1.73
3239,1.62,1.83
3240,1.6,1.73
3241,1.6,1.73
3242,1.62,1.83
3243,1.62,1.85
3244,1.67,2.09
3245,1.71,2.4
3246,1.73,2.65
3247,1.62,1.7
3248,1.78,2.71
3249,1.78,2.7
3250,1.73,2.13
3251,1.74,2.14
3252,1.75,2.44
3253,1.75,2.43
3254,1.63,1.71
3255,1.64,1.78
3256,1.68,1.86
3257,1.65,1.78
3258,1.65,1.78
3259,1.68,1.87
3260,1.68,1.87
3261,1.73,2.13
3262,1.75,2.43
3263,1.78,2.68
3264,1.65,1.72
3265,1.82,2.75
3266,1.83,2.73
3267,1.79,2.18
3268,1.79,2.19
3269,1.8,2.47
3270,1.8,2.47
3271,1.8,2.47
3272,1.7,1.83
3273,1.74,1.89
3274,1.7,1.83
3275,1.7,1.83
3276,1.74,1.9
3277,1.74,1.91
3278,1.79,2.18
3279,1.81,2.47
3280,1.83,2.71
3281,1.7,1.75
3282,1.86,2.77
3283,1.86,2.76
3284,1.83,2.22
3285,1.83,2.22
3286,1.86,2.51
3287,1.85,2.5
3288,1.71,1.8
3289,1.77,1.88
3290,1.8,1.94
3291,1.77,1.89
3292,1.77,1.89
3293,1.79,1.94
3294,1.79,1.94
3295,1.83,2.22
3296,1.85,2.5
3297,1.86,2.74
3298,1.74,1.79
3299,1.91,2.8
3300,1.91,2.79
3301,1.88,2.27
3302,1.88,2.27
3303,1.9,2.54
3304,1.9,2.54
3305,1.77,1.86
3306,1.81,1.92
3307,1.85,1.98
3308,1.82,1.93
3309,1.82,1.93
3310,1.85,1.98
3311,1.85,1.98
3312,1.88,2.27
3313,1.89,2.54
3314,1.91,2.77
3315,1.78,1.84
3316,1.95,2.84
3317,1.95,2.82
3318,1.93,2.31
3319,1.93,2.31
3320,1.93,2.57
3321,1.93,2.57
3322,1.83,1.91
3323,1.86,1.98
3324,1.9,2.02
3325,1.87,1.98
3326,1.87,1.98
3327,1.9,2.02
3328,1.9,2.02
3329,1.93,2.31
3330,1.94,2.57
3331,1.95,2.81
3332,1.18,1.2
3333,1.34,2.33
3334,1.34,2.3
3335,1.3,1.76
3336,1.3,1.82
3337,1.33,2.0
3338,1.33,1.98
3339,1.2,1.28
3340,1.26,1.45
3341,1.26,1.45
3342,1.22,1.33
3343,1.23,1.34
3344,1.26,1.47
3345,1.26,1.48
3346,1.3,1.7
3347,1.33,1.97
3348,1.34,2.29
3349,1.21,1.25
3350,1.37,2.34
3351,1.37,2.31
3352,1.34,1.77
3353,1.34,1.83
3354,1.37,2.0
3355,1.37,2.0
3356,1.25,1.32
3357,1.27,1.37
3358,1.3,1.48
3359,1.27,1.37
3360,1.27,1.36
3361,1.3,1.49
3362,1.3,1.51
3363,1.34,1.71
3364,1.37,1.99
3365,1.37,2.3
3366,1.26,1.28
3367,1.41,2.35
3368,1.41,2.32
3369,1.38,1.78
3370,1.38,1.83
3371,1.4,2.01
3372,1.4,2.01
3373,1.29,1.35
3374,1.31,1.4
3375,1.34,1.5
3376,1.31,1.4
3377,1.32,1.41
3378,1.34,1.51
3379,1.34,1.53
3380,1.38,1.72
3381,1.4,2.0
3382,1.41,2.31
3383,1.3,1.31
3384,1.44,2.36
3385,1.44,2.33
3386,1.42,1.79
3387,1.42,1.84
3388,1.45,2.04
3389,1.45,2.05
3390,1.33,1.39
3391,1.35,1.45
3392,1.38,1.53
3393,1.36,1.45
3394,1.36,1.45
3395,1.42,1.75
3396,1.42,1.75
3397,1.42,1.75
3398,1.45,2.04
3399,1.45,2.04
3400,1.34,1.36
3401,1.47,2.38
3402,1.47,2.34
3403,1.47,2.34
3404,1.46,1.86
3405,1.46,2.05
3406,1.46,2.05
3407,1.46,2.05
3408,1.4,1.48
3409,1.43,1.56
3410,1.39,1.48
3411,1.39,1.48
3412,1.43,1.57
3413,1.43,1.59
3414,1.46,1.77
3415,1.46,2.04
3416,1.46,2.04
3417,1.38,1.39
3418,1.53,2.4
3419,1.53,2.36
3420,1.48,1.82
3421,1.48,1.86
3422,1.5,2.07
3423,1.5,2.07
3424,1.41,1.48
3425,1.44,1.53
3426,1.46,1.59
3427,1.44,1.52
3428,1.44,1.53
3429,1.46,1.6
3430,1.46,1.62
3431,1.49,1.78
3432,1.5,2.07
3433,1.53,2.35
3434,1.43,1.44
3435,1.58,2.42
3436,1.58,2.38
3437,1.52,1.88
3438,1.52,1.88
3439,1.55,2.11
3440,1.55,2.11
3441,1.46,1.52
3442,1.48,1.55
3443,1.5,1.64
3444,1.48,1.56
3445,1.48,1.56
3446,1.5,1.65
3447,1.5,1.66
3448,1.52,1.81
3449,1.55,2.1
3450,1.59,2.37
3451,1.48,1.5
3452,1.63,2.45
3453,1.64,2.42
3454,1.56,1.87
3455,1.56,1.91
3456,1.6,2.13
3457,1.6,2.13
3458,1.51,1.56
3459,1.53,1.6
3460,1.54,1.68
3461,1.52,1.6
3462,1.52,1.6
3463,1.54,1.69
3464,1.54,1.7
3465,1.56,1.84
3466,1.61,2.13
3467,1.64,2.4
3468,1.54,1.55
3469,1.69,2.48
3470,1.7,2.45
3471,1.6,1.9
3472,1.6,1.94
3473,1.66,2.18
3474,1.67,2.18
3475,1.56,1.6
3476,1.56,1.63
3477,1.58,1.72
3478,1.56,1.63
3479,1.56,1.63
3480,1.58,1.73
3481,1.58,1.74
3482,1.6,1.86
3483,1.67,2.17
3484,1.7,2.44
3485,1.59,1.6
3486,1.74,2.52
3487,1.75,2.5
3488,1.66,1.93
3489,1.66,1.97
3490,1.72,2.21
3491,1.72,2.22
3492,1.59,1.63
3493,1.6,1.66
3494,1.63,1.75
3495,1.6,1.66
3496,1.6,1.66
3497,1.63,1.77
3498,1.62,1.78
3499,1.66,1.89
3500,1.73,2.22
3501,1.75,2.47
3502,1.61,1.62
3503,1.8,2.56
3504,1.72,1.97
3505,1.72,1.97
3506,1.72,2.01
3507,1.78,2.26
3508,1.77,2.26
3509,1.62,1.67
3510,1.64,1.7
3511,1.64,1.7
3512,1.64,1.7
3513,1.64,1.7
3514,1.67,1.81
3515,1.68,1.82
3516,1.72,1.93
3517,1.77,2.25
3518,1.8,2.51
3519,1.65,1.66
3520,1.84,2.6
3521,1.84,2.58
3522,1.77,2.0
3523,1.77,2.03
3524,1.82,2.29
3525,1.82,2.29
3526,1.67,1.7
3527,1.69,1.74
3528,1.73,1.83
3529,1.69,1.74
3530,1.68,1.74
3531,1.73,1.84
3532,1.74,1.86
3533,1.74,1.86
3534,1.82,2.3
3535,1.84,2.55
3536,1.69,1.7
3537,1.88,2.63
3538,1.88,2.6
3539,1.83,2.03
3540,1.83,2.06
3541,1.87,2.33
3542,1.87,2.33
3543,1.72,1.73
3544,1.74,1.79
3545,1.78,1.87
3546,1.74,1.79
3547,1.74,1.8
3548,1.79,1.88
3549,1.79,1.9
3550,1.83,2.02
3551,1.87,2.34
3552,1.88,2.57
3553,1.75,1.75
3554,1.92,2.66
3555,1.92,2.64
3556,1.88,2.07
3557,1.88,2.1
3558,1.91,2.37
3559,1.91,2.37
3560,1.76,1.78
3561,1.79,1.84
3562,1.83,1.91
3563,1.79,1.84
3564,1.79,1.84
3565,1.83,1.92
3566,1.84,1.94
3567,1.88,2.07
3568,1.91,2.37
3569,1.92,2.61
3570,1.15,1.12
3571,1.33,2.3
3572,1.34,2.26
3573,1.28,1.74
3574,1.27,1.8
3575,1.31,2.0
3576,1.32,1.96
3577,1.17,1.2
3578,1.19,1.25
3579,1.22,1.4
3580,1.2,1.25
3581,1.2,1.26
3582,1.22,1.41
3583,1.23,1.44
3584,1.28,1.68
3585,1.32,1.93
3586,1.33,2.24
3587,1.2,1.16
3588,1.38,2.34
3589,1.38,2.3
3590,1.32,1.74
3591,1.32,1.84
3592,1.37,2.03
3593,1.37,2.0
3594,1.22,1.24
3595,1.24,1.3
3596,1.27,1.44
3597,1.24,1.3
3598,1.24,1.31
3599,1.27,1.46
3600,1.28,1.49
3601,1.32,1.72
3602,1.37,1.96
3603,1.38,2.28
3604,1.24,1.2
3605,1.41,2.34
3606,1.41,2.3
3607,1.36,1.78
3608,1.36,1.84
3609,1.41,2.02
3610,1.41,1.99
3611,1.27,1.27
3612,1.29,1.34
3613,1.31,1.47
3614,1.29,1.34
3615,1.29,1.34
3616,1.32,1.49
3617,1.32,1.51
3618,1.37,1.73
3619,1.4,1.98
3620,1.41,2.29
3621,1.28,1.24
3622,1.45,2.36
3623,1.45,2.33
3624,1.4,1.79
3625,1.4,1.85
3626,1.44,2.02
3627,1.44,2.01
3628,1.31,1.32
3629,1.33,1.38
3630,1.36,1.5
3631,1.33,1.38
3632,1.34,1.39
3633,1.36,1.51
3634,1.36,1.54
3635,1.41,1.75
3636,1.44,2.0
3637,1.45,2.31
3638,1.32,1.27
3639,1.48,2.37
3640,1.48,2.33
3641,1.45,1.81
3642,1.44,1.86
3643,1.49,2.05
3644,1.49,2.04
3645,1.36,1.36
3646,1.37,1.42
3647,1.4,1.54
3648,1.38,1.43
3649,1.38,1.44
3650,1.4,1.55
3651,1.4,1.57
3652,1.45,1.77
3653,1.48,2.04
3654,1.48,2.32
3655,1.37,1.31
3656,1.51,2.39
3657,1.51,2.35
3658,1.49,1.83
3659,1.49,1.88
3660,1.5,2.05
3661,1.5,2.05
3662,1.4,1.4
3663,1.42,1.47
3664,1.45,1.57
3665,1.42,1.47
3666,1.42,1.48
3667,1.45,1.58
3668,1.45,1.6
3669,1.49,1.79
3670,1.5,2.05
3671,1.51,2.34
3672,1.41,1.35
3673,1.56,2.41
3674,1.56,2.37
3675,1.52,1.84
3676,1.52,1.89
3677,1.54,2.07
3678,1.54,2.08
3679,1.44,1.44
3680,1.47,1.53
3681,1.49,1.6
3682,1.47,1.53
3683,1.47,1.53
3684,1.49,1.61
3685,1.49,1.63
3686,1.52,1.82
3687,1.54,2.07
3688,1.57,2.36
3689,1.46,1.41
3690,1.62,2.43
3691,1.62,2.4
3692,1.56,1.87
3693,1.56,1.92
3694,1.58,2.11
3695,1.58,2.11
3696,1.5,1.5
3697,1.51,1.56
3698,1.53,1.64
3699,1.51,1.56
3700,1.51,1.56
3701,1.53,1.65
3702,1.53,1.67
3703,1.56,1.84
3704,1.59,2.11
3705,1.62,2.38
3706,1.52,1.46
3707,1.68,2.47
3708,1.68,2.43
3709,1.6,1.9
3710,1.6,1.95
3711,1.63,2.13
3712,1.63,2.13
3713,1.54,1.53
3714,1.56,1.6
3715,1.57,1.68
3716,1.56,1.6
3717,1.56,1.61
3718,1.57,1.69
3719,1.57,1.7
3720,1.6,1.87
3721,1.63,2.13
3722,1.68,2.41
3723,1.56,1.51
3724,1.73,2.5
3725,1.74,2.47
3726,1.64,1.93
3727,1.64,1.97
3728,1.69,2.17
3729,1.69,2.17
3730,1.59,1.58
3731,1.59,1.64
3732,1.61,1.72
3733,1.59,1.64
3734,1.59,1.64
3735,1.61,1.72
3736,1.61,1.74
3737,1.64,1.89
3738,1.7,2.17
3739,1.74,2.44
3740,1.61,1.56
3741,1.78,2.53
3742,1.78,2.5
3743,1.69,1.96
3744,1.69,2.0
3745,1.75,2.21
3746,1.75,2.21
3747,1.62,1.62
3748,1.63,1.67
3749,1.66,1.75
3750,1.63,1.67
3751,1.63,1.68
3752,1.66,1.77
3753,1.66,1.78
3754,1.69,1.92
3755,1.76,2.21
3756,1.78,2.47
3757,1.65,1.6
3758,1.83,2.56
3759,1.84,2.53
3760,1.74,2.0
3761,1.74,2.04
3762,1.81,2.24
3763,1.81,2.24
3764,1.66,1.66
3765,1.67,1.71
3766,1.69,1.79
3767,1.67,1.71
3768,1.67,1.71
3769,1.69,1.8
3770,1.7,1.81
3771,1.75,1.95
3772,1.81,2.24
3773,1.84,2.5
3774,1.68,1.64
3775,1.88,2.59
3776,1.88,2.56
3777,1.79,2.02
3778,1.79,2.06
3779,1.85,2.27
3780,1.85,2.27
3781,1.7,1.71
3782,1.72,1.74
3783,1.75,1.83
3784,1.72,1.74
3785,1.72,1.74
3786,1.75,1.84
3787,1.75,1.86
3788,1.79,1.98
3789,1.86,2.27
3790,1.88,2.53
3791,1.73,1.69
3792,1.92,2.62
3793,1.92,2.59
3794,1.85,2.06
3795,1.85,2.09
3796,1.91,2.31
3797,1.91,2.31
3798,1.75,1.75
3799,1.77,1.78
3800,1.8,1.87
3801,1.77,1.79
3802,1.77,1.79
3803,1.8,1.88
3804,1.8,1.9
3805,1.85,2.01
3806,1.91,2.32
3807,1.92,2.55
3808,1.3,1.49
3809,1.37,2.73
3810,1.34,2.72
3811,1.35,2.15
3812,1.35,2.15
3813,1.34,2.45
3814,1.34,2.45
3815,1.33,1.57
3816,1.34,1.65
3817,1.35,1.78
3818,1.34,1.65
3819,1.34,1.65
3820,1.35,1.78
3821,1.35,1.78
3822,1.35,2.14
3823,1.34,2.45
3824,1.34,2.72
3825,1.34,1.53
3826,1.41,2.76
3827,1.39,2.75
3828,1.39,2.18
3829,1.39,2.19
3830,1.39,2.48
3831,1.39,2.48
3832,1.37,1.61
3833,1.38,1.68
3834,1.4,1.82
3835,1.39,1.69
3836,1.39,1.69
3837,1.4,1.82
3838,1.4,1.81
3839,1.39,2.17
3840,1.39,2.48
3841,1.39,2.75
3842,1.4,1.57
3843,1.45,2.79
3844,1.44,2.79
3845,1.43,2.21
3846,1.43,2.21
3847,1.43,2.51
3848,1.44,2.51
3849,1.42,1.65
3850,1.43,1.72
3851,1.44,1.85
3852,1.43,1.72
3853,1.43,1.72
3854,1.44,1.85
3855,1.44,1.85
3856,1.43,2.21
3857,1.44,2.5
3858,1.44,2.78
3859,1.44,1.61
3860,1.47,2.8
3861,1.47,2.79
3862,1.47,2.25
3863,1.47,2.25
3864,1.47,2.53
3865,1.47,2.53
3866,1.46,1.68
3867,1.46,1.74
3868,1.46,1.89
3869,1.46,1.74
3870,1.47,1.75
3871,1.46,1.88
3872,1.46,1.88
3873,1.47,2.24
3874,1.47,2.53
3875,1.47,2.78
3876,1.48,1.63
3877,1.54,2.83
3878,1.52,2.82
3879,1.5,2.27
3880,1.5,2.27
3881,1.5,2.55
3882,1.5,2.55
3883,1.49,1.72
3884,1.5,1.76
3885,1.51,1.94
3886,1.5,1.76
3887,1.5,1.77
3888,1.51,1.93
3889,1.51,1.93
3890,1.5,2.27
3891,1.5,2.55
3892,1.52,2.81
3893,1.52,1.66
3894,1.59,2.85
3895,1.59,2.84
3896,1.53,2.3
3897,1.53,2.3
3898,1.56,2.58
3899,1.56,2.58
3900,1.53,1.75
3901,1.53,1.78
3902,1.53,1.97
3903,1.53,1.78
3904,1.53,1.78
3905,1.53,1.96
3906,1.53,1.94
3907,1.53,2.29
3908,1.56,2.58
3909,1.59,2.83
3910,1.56,1.69
3911,1.65,2.87
3912,1.65,2.86
3913,1.6,2.35
3914,1.6,2.35
3915,1.62,2.61
3916,1.62,2.61
3917,1.56,1.78
3918,1.56,1.81
3919,1.56,2.02
3920,1.56,1.81
3921,1.56,1.81
3922,1.56,2.01
3923,1.56,1.99
3924,1.6,2.34
3925,1.63,2.61
3926,1.65,2.85
3927,1.59,1.73
3928,1.71,2.9
3929,1.71,2.9
3930,1.65,2.38
3931,1.65,2.39
3932,1.68,2.64
3933,1.68,2.64
3934,1.6,1.82
3935,1.59,1.85
3936,1.62,2.07
3937,1.59,1.85
3938,1.6,1.84
3939,1.62,2.07
3940,1.62,2.05
3941,1.65,2.38
3942,1.68,2.64
3943,1.71,2.88
3944,1.63,1.77
3945,1.75,2.94
3946,1.75,2.93
3947,1.72,2.42
3948,1.71,2.42
3949,1.73,2.67
3950,1.73,2.67
3951,1.63,1.84
3952,1.64,1.9
3953,1.68,2.11
3954,1.64,1.9
3955,1.64,1.9
3956,1.68,2.11
3957,1.69,2.1
3958,1.71,2.42
3959,1.73,2.67
3960,1.75,2.91
3961,1.67,1.82
3962,1.81,2.98
3963,1.81,2.97
3964,1.76,2.46
3965,1.76,2.46
3966,1.79,2.71
3967,1.79,2.71
3968,1.67,1.87
3969,1.69,1.95
3970,1.74,2.17
3971,1.69,1.95
3972,1.69,1.96
3973,1.75,2.16
3974,1.74,2.15
3975,1.77,2.46
3976,1.79,2.71
3977,1.81,2.96
3978,1.7,1.85
3979,1.85,3.01
3980,1.85,3.0
3981,1.82,2.51
3982,1.82,2.51
3983,1.84,2.75
3984,1.84,2.75
3985,1.71,1.91
3986,1.76,2.0
3987,1.8,2.22
3988,1.76,2.0
3989,1.76,2.01
3990,1.8,2.21
3991,1.8,2.21
3992,1.82,2.51
3993,1.84,2.75
3994,1.85,2.99
3995,1.74,1.9
3996,1.9,3.05
3997,1.9,3.05
3998,1.86,2.54
3999,1.86,2.55
4000,1.89,2.8
4001,1.89,2.79
4002,1.78,1.95
4003,1.82,2.06
4004,1.84,2.27
4005,1.82,2.06
4006,1.83,2.07
4007,1.85,2.27
4008,1.85,2.27
4009,1.87,2.55
4010,1.89,2.79
4011,1.9,3.03
4012,1.79,1.95
4013,1.93,3.08
4014,1.93,3.07
4015,1.91,2.59
4016,1.91,2.59
4017,1.92,2.84
4018,1.93,2.83
4019,1.84,2.0
4020,1.88,2.11
4021,1.9,2.33
4022,1.88,2.11
4023,1.88,2.12
4024,1.9,2.33
4025,1.9,2.33
4026,1.91,2.59
4027,1.93,2.82
4028,1.94,3.06
4029,1.85,2.0
4030,1.97,3.12
4031,1.98,3.11
4032,1.96,2.64
4033,1.96,2.64
4034,1.97,2.89
4035,1.97,2.88
4036,1.89,2.04
4037,1.93,2.16
4038,1.95,2.39
4039,1.93,2.16
4040,1.93,2.16
4041,1.95,2.39
4042,1.95,2.39
4043,1.96,2.64
4044,1.97,2.87
4045,1.97,3.1
4046,1.14,1.11
4047,1.33,2.29
4048,1.33,2.25
4049,1.28,1.73
4050,1.27,1.79
4051,1.32,1.98
4052,1.32,1.95
4053,1.17,1.2
4054,1.2,1.25
4055,1.23,1.4
4056,1.2,1.26
4057,1.2,1.26
4058,1.23,1.41
4059,1.23,1.44
4060,1.28,1.67
4061,1.32,1.92
4062,1.33,2.23
4063,1.19,1.15
4064,1.36,2.3
4065,1.36,2.26
4066,1.32,1.74
4067,1.31,1.79
4068,1.36,1.98
4069,1.36,1.95
4070,1.22,1.23
4071,1.24,1.29
4072,1.27,1.43
4073,1.24,1.29
4074,1.24,1.3
4075,1.26,1.44
4076,1.27,1.47
4077,1.32,1.69
4078,1.36,1.93
4079,1.36,2.25
4080,1.23,1.19
4081,1.4,2.32
4082,1.4,2.28
4083,1.35,1.74
4084,1.35,1.8
4085,1.39,1.98
4086,1.39,1.96
4087,1.26,1.27
4088,1.28,1.33
4089,1.31,1.46
4090,1.28,1.34
4091,1.29,1.34
4092,1.31,1.47
4093,1.31,1.49
4094,1.36,1.7
4095,1.39,1.95
4096,1.4,2.27
4097,1.27,1.23
4098,1.43,2.32
4099,1.43,2.28
4100,1.4,1.76
4101,1.39,1.81
4102,1.43,1.99
4103,1.43,1.99
4104,1.31,1.31
4105,1.33,1.37
4106,1.35,1.48
4107,1.33,1.38
4108,1.33,1.39
4109,1.34,1.38
4110,1.35,1.51
4111,1.4,1.72
4112,1.43,1.98
4113,1.43,2.27
4114,1.32,1.26
4115,1.46,2.34
4116,1.46,2.3
4117,1.44,1.77
4118,1.43,1.82
4119,1.45,1.99
4120,1.45,2.0
4121,1.35,1.35
4122,1.37,1.43
4123,1.4,1.52
4124,1.37,1.42
4125,1.37,1.43
4126,1.4,1.53
4127,1.4,1.55
4128,1.44,1.74
4129,1.45,1.99
4130,1.46,2.29
4131,1.36,1.31
4132,1.52,2.35
4133,1.43,1.56
4134,1.46,1.79
4135,1.46,1.84
4136,1.48,2.02
4137,1.48,2.02
4138,1.39,1.4
4139,1.41,1.47
4140,1.43,1.54
4141,1.41,1.47
4142,1.41,1.47
4143,1.52,2.31
4144,1.43,1.57
4145,1.46,1.75
4146,1.49,2.02
4147,1.52,2.29
4148,1.42,1.35
4149,1.57,2.38
4150,1.57,2.34
4151,1.5,1.82
4152,1.5,1.86
4153,1.53,2.05
4154,1.54,2.08
4155,1.44,1.44
4156,1.46,1.51
4157,1.48,1.59
4158,1.46,1.51
4159,1.47,1.53
4160,1.48,1.6
4161,1.48,1.61
4162,1.5,1.78
4163,1.53,2.05
4164,1.58,2.32
4165,1.46,1.41
4166,1.63,2.41
4167,1.64,2.38
4168,1.54,1.85
4169,1.54,1.89
4170,1.59,2.08
4171,1.59,2.08
4172,1.49,1.49
4173,1.51,1.55
4174,1.51,1.62
4175,1.51,1.55
4176,1.51,1.55
4177,1.52,1.64
4178,1.52,1.65
4179,1.55,1.81
4180,1.59,2.08
4181,1.64,2.36
4182,1.51,1.47
4183,1.69,2.45
4184,1.69,2.41
4185,1.59,1.87
4186,1.59,1.92
4187,1.64,2.11
4188,1.65,2.12
4189,1.53,1.52
4190,1.54,1.59
4191,1.55,1.66
4192,1.54,1.58
4193,1.54,1.58
4194,1.55,1.67
4195,1.56,1.68
4196,1.59,1.83
4197,1.65,2.11
4198,1.69,2.38
4199,1.55,1.51
4200,1.73,2.47
4201,1.74,2.44
4202,1.57,1.83
4203,1.69,1.98
4204,1.75,2.18
4205,1.76,2.18
4206,1.61,1.61
4207,1.62,1.66
4208,1.64,1.73
4209,1.62,1.65
4210,1.62,1.66
4211,1.64,1.75
4212,1.64,1.76
4213,1.69,1.9
4214,1.76,2.19
4215,1.79,2.45
4216,1.59,1.54
4217,1.79,2.51
4218,1.79,2.48
4219,1.69,1.94
4220,1.69,1.98
4221,1.75,2.18
4222,1.76,2.18
4223,1.61,1.61
4224,1.62,1.66
4225,1.64,1.73
4226,1.62,1.65
4227,1.62,1.66
4228,1.64,1.75
4229,1.64,1.76
4230,1.69,1.9
4231,1.76,2.19
4232,1.79,2.45
4233,1.63,1.59
4234,1.83,2.54
4235,1.83,2.51
4236,1.74,1.97
4237,1.74,2.01
4238,1.8,2.21
4239,1.8,2.22
4240,1.65,1.66
4241,1.66,1.69
4242,1.7,1.78
4243,1.67,1.69
4244,1.67,1.69
4245,1.7,1.79
4246,1.7,1.81
4247,1.75,1.93
4248,1.81,2.22
4249,1.87,2.5
4250,1.67,1.64
4251,1.87,2.56
4252,1.87,2.53
4253,1.8,2.0
4254,1.8,2.03
4255,1.85,2.25
4256,1.85,2.25
4257,1.69,1.69
4258,1.71,1.73
4259,1.75,1.81
4260,1.71,1.73
4261,1.71,1.73
4262,1.74,1.82
4263,1.75,1.84
4264,1.8,1.95
4265,1.85,2.26
4266,1.87,2.5
4267,1.73,1.69
4268,1.91,2.6
4269,1.91,2.57
4270,1.85,2.03
4271,1.85,2.06
4272,1.89,2.28
4273,1.89,2.29
4274,1.74,1.74
4275,1.76,1.78
4276,1.8,1.86
4277,1.75,1.77
4278,1.77,1.78
4279,1.8,1.87
4280,1.8,1.89
4281,1.85,1.98
4282,1.89,2.29
4283,1.91,2.54
4284,1.23,1.33
4285,1.34,2.47
4286,1.34,2.46
4287,1.34,1.79
4288,1.34,1.83
4289,1.34,2.18
4290,1.33,2.17
4291,1.27,1.42
4292,1.3,1.46
4293,1.32,1.6
4294,1.29,1.46
4295,1.3,1.45
4296,1.32,1.61
4297,1.32,1.63
4298,1.34,1.76
4299,1.33,2.16
4300,1.33,2.45
4301,1.27,1.38
4302,1.38,2.51
4303,1.38,2.49
4304,1.38,1.84
4305,1.38,1.87
4306,1.38,2.21
4307,1.38,2.21
4308,1.31,1.45
4309,1.34,1.5
4310,1.36,1.64
4311,1.34,1.5
4312,1.34,1.5
4313,1.37,1.65
4314,1.37,1.67
4315,1.38,1.8
4316,1.38,2.2
4317,1.38,2.49
4318,1.32,1.42
4319,1.43,2.54
4320,1.43,2.52
4321,1.43,1.88
4322,1.43,1.9
4323,1.42,2.25
4324,1.42,2.25
4325,1.35,1.5
4326,1.39,1.54
4327,1.41,1.67
4328,1.39,1.54
4329,1.39,1.54
4330,1.41,1.68
4331,1.41,1.7
4332,1.43,1.84
4333,1.42,2.24
4334,1.43,2.52
4335,1.37,1.47
4336,1.47,2.58
4337,1.47,2.56
4338,1.46,1.91
4339,1.46,1.92
4340,1.46,2.27
4341,1.46,2.27
4342,1.4,1.54
4343,1.44,1.58
4344,1.45,1.7
4345,1.43,1.58
4346,1.43,1.59
4347,1.46,1.72
4348,1.46,1.74
4349,1.46,1.88
4350,1.46,2.27
4351,1.47,2.56
4352,1.41,1.51
4353,1.5,2.59
4354,1.5,2.57
4355,1.5,1.95
4356,1.5,1.96
4357,1.5,2.31
4358,1.53,2.18
4359,1.45,1.57
4360,1.48,1.61
4361,1.49,1.73
4362,1.48,1.61
4363,1.48,1.62
4364,1.49,1.74
4365,1.49,1.76
4366,1.5,1.93
4367,1.5,2.3
4368,1.5,2.56
4369,1.45,1.55
4370,1.54,2.62
4371,1.55,2.6
4372,1.53,1.99
4373,1.53,2.0
4374,1.53,2.33
4375,1.53,2.33
4376,1.49,1.61
4377,1.52,1.64
4378,1.53,1.77
4379,1.52,1.65
4380,1.52,1.65
4381,1.53,1.78
4382,1.53,1.79
4383,1.53,1.98
4384,1.53,2.32
4385,1.55,2.59
4386,1.48,1.59
4387,1.61,2.65
4388,1.61,2.63
4389,1.56,2.03
4390,1.56,2.04
4391,1.57,2.36
4392,1.59,2.35
4393,1.54,1.65
4394,1.56,1.68
4395,1.56,1.79
4396,1.56,1.68
4397,1.56,1.68
4398,1.56,1.8
4399,1.56,1.81
4400,1.56,2.02
4401,1.58,2.36
4402,1.61,2.62
4403,1.55,1.64
4404,1.66,2.68
4405,1.67,2.66
4406,1.6,2.08
4407,1.6,2.08
4408,1.64,2.4
4409,1.64,2.4
4410,1.58,1.68
4411,1.59,1.71
4412,1.59,1.82
4413,1.59,1.71
4414,1.59,1.71
4415,1.59,1.83
4416,1.59,1.84
4417,1.6,2.07
4418,1.64,2.4
4419,1.67,2.65
4420,1.59,1.68
4421,1.72,2.71
4422,1.72,2.69
4423,1.66,2.12
4424,1.7,2.21
4425,1.69,2.42
4426,1.7,2.43
4427,1.61,1.71
4428,1.63,1.75
4429,1.63,1.86
4430,1.63,1.75
4431,1.63,1.75
4432,1.63,1.86
4433,1.63,1.88
4434,1.66,2.12
4435,1.7,2.42
4436,1.72,2.68
4437,1.58,1.59
4438,1.75,2.53
4439,1.75,2.5
4440,1.66,1.93
4441,1.66,1.97
4442,1.72,2.21
4443,1.75,2.46
4444,1.65,1.74
4445,1.66,1.78
4446,1.67,1.89
4447,1.66,1.79
4448,1.66,1.79
4449,1.67,1.89
4450,1.67,1.9
4451,1.72,2.15
4452,1.75,2.46
4453,1.78,2.71
4454,1.67,1.75
4455,1.83,2.77
4456,1.83,2.75
4457,1.78,2.19
4458,1.78,2.2
4459,1.81,2.49
4460,1.8,2.49
4461,1.68,1.77
4462,1.7,1.83
4463,1.73,1.91
4464,1.7,1.83
4465,1.7,1.83
4466,1.73,1.92
4467,1.73,1.93
4468,1.78,2.19
4469,1.8,2.49
4470,1.83,2.74
4471,1.7,1.77
4472,1.88,2.8
4473,1.88,2.79
4474,1.85,2.3
4475,1.83,2.24
4476,1.85,2.52
4477,1.85,2.52
4478,1.72,1.81
4479,1.76,1.88
4480,1.79,1.95
4481,1.75,1.88
4482,1.76,1.89
4483,1.79,1.95
4484,1.79,1.96
4485,1.84,2.23
4486,1.86,2.52
4487,1.88,2.77
4488,1.74,1.8
4489,1.91,2.83
4490,1.91,2.81
4491,1.88,2.28
4492,1.88,2.28
4493,1.91,2.56
4494,1.91,2.56
4495,1.76,1.85
4496,1.82,1.94
4497,1.84,2.0
4498,1.82,1.94
4499,1.82,1.94
4500,1.84,1.99
4501,1.84,2.0
4502,1.88,2.27
4503,1.91,2.56
4504,1.92,2.8
4505,1.79,1.84
4506,1.96,2.87
4507,1.96,2.85
4508,1.93,2.32
4509,1.93,2.32
4510,1.82,1.91
4511,1.95,2.6
4512,1.82,1.91
4513,1.86,1.98
4514,1.9,2.04
4515,1.87,1.98
4516,1.86,1.99
4517,1.9,2.04
4518,1.9,2.04
4519,1.93,2.32
4520,1.95,2.6
4521,1.97,2.84
4522,1.19,1.29
4523,1.29,2.38
4524,1.29,2.36
4525,1.28,1.75
4526,1.28,1.76
4527,1.28,2.09
4528,1.28,2.09
4529,1.23,1.35
4530,1.27,1.4
4531,1.28,1.52
4532,1.27,1.4
4533,1.27,1.4
4534,1.28,1.53
4535,1.28,1.55
4536,1.28,1.73
4537,1.28,2.08
4538,1.29,2.35
4539,1.24,1.33
4540,1.33,2.41
4541,1.33,2.4
4542,1.32,1.79
4543,1.32,1.79
4544,1.32,2.13
4545,1.32,2.13
4546,1.28,1.39
4547,1.31,1.44
4548,1.32,1.56
4549,1.31,1.44
4550,1.31,1.44
4551,1.32,1.57
4552,1.32,1.58
4553,1.32,1.77
4554,1.32,2.12
4555,1.34,2.39
4556,1.28,1.37
4557,1.39,2.45
4558,1.39,2.43
4559,1.35,1.83
4560,1.36,1.83
4561,1.37,2.16
4562,1.37,2.17
4563,1.33,1.44
4564,1.35,1.47
4565,1.35,1.59
4566,1.35,1.47
4567,1.35,1.47
4568,1.35,1.6
4569,1.35,1.61
4570,1.36,1.81
4571,1.37,2.16
4572,1.39,2.43
4573,1.33,1.43
4574,1.44,2.49
4575,1.44,2.46
4576,1.4,1.87
4577,1.4,1.88
4578,1.41,2.2
4579,1.41,2.21
4580,1.37,1.48
4581,1.39,1.51
4582,1.39,1.62
4583,1.39,1.51
4584,1.39,1.51
4585,1.39,1.63
4586,1.39,1.65
4587,1.4,1.86
4588,1.42,2.2
4589,1.44,2.46
4590,1.38,1.47
4591,1.49,2.52
4592,1.49,2.5
4593,1.44,1.91
4594,1.44,1.92
4595,1.46,2.23
4596,1.46,2.23
4597,1.42,1.52
4598,1.43,1.54
4599,1.42,1.66
4600,1.43,1.55
4601,1.43,1.55
4602,1.42,1.67
4603,1.43,1.68
4604,1.44,1.9
4605,1.46,2.23
4606,1.5,2.49
4607,1.43,1.51
4608,1.55,2.56
4609,1.55,2.54
4610,1.49,1.96
4611,1.48,1.96
4612,1.51,2.27
4613,1.51,2.27
4614,1.46,1.56
4615,1.47,1.59
4616,1.47,1.7
4617,1.47,1.59
4618,1.47,1.59
4619,1.47,1.71
4620,1.47,1.73
4621,1.49,1.95
4622,1.52,2.27
4623,1.55,2.53
4624,1.49,1.57
4625,1.6,2.61
4626,1.6,2.59
4627,1.54,2.01
4628,1.53,2.01
4629,1.56,2.32
4630,1.56,2.32
4631,1.5,1.6
4632,1.52,1.64
4633,1.52,1.75
4634,1.52,1.64
4635,1.52,1.64
4636,1.52,1.76
4637,1.52,1.78
4638,1.54,2.0
4639,1.56,2.32
4640,1.6,2.58
4641,1.52,1.6
4642,1.66,2.64
4643,1.65,2.62
4644,1.58,2.04
4645,1.58,2.05
4646,1.62,2.36
4647,1.62,2.36
4648,1.54,1.64
4649,1.56,1.68
4650,1.56,1.79
4651,1.56,1.68
4652,1.56,1.68
4653,1.56,1.8
4654,1.56,1.81
4655,1.58,2.04
4656,1.63,2.36
4657,1.65,2.61
4658,1.57,1.64
4659,1.71,2.67
4660,1.71,2.65
4661,1.64,2.08
4662,1.64,2.09
4663,1.68,2.39
4664,1.68,2.39
4665,1.58,1.66
4666,1.58,1.7
4667,1.6,1.81
4668,1.58,1.71
4669,1.59,1.71
4670,1.6,1.82
4671,1.6,1.84
4672,1.65,2.08
4673,1.68,2.39
4674,1.71,2.64
4675,1.6,1.68
4676,1.77,2.71
4677,1.77,2.69
4678,1.71,2.13
4679,1.71,2.13
4680,1.74,2.43
4681,1.73,2.42
4682,1.61,1.69
4683,1.63,1.75
4684,1.65,1.85
4685,1.63,1.75
4686,1.63,1.75
4687,1.65,1.85
4688,1.65,1.86
4689,1.71,2.12
4690,1.74,2.42
4691,1.76,2.67
4692,1.62,1.69
4693,1.81,2.74
4694,1.81,2.72
4695,1.75,2.16
4696,1.76,2.16
4697,1.79,2.46
4698,1.79,2.46
4699,1.66,1.73
4700,1.68,1.8
4701,1.71,1.88
4702,1.68,1.8
4703,1.68,1.81
4704,1.71,1.89
4705,1.72,1.9
4706,1.76,2.16
4707,1.79,2.45
4708,1.81,2.71
4709,1.67,1.73
4710,1.85,2.77
4711,1.85,2.75
4712,1.82,2.21
4713,1.82,2.21
4714,1.84,2.49
4715,1.84,2.49
4716,1.69,1.78
4717,1.75,1.86
4718,1.77,1.91
4719,1.75,1.86
4720,1.75,1.87
4721,1.77,1.92
4722,1.77,1.93
4723,1.82,2.2
4724,1.84,2.49
4725,1.86,2.74
4726,1.72,1.77
4727,1.9,2.8
4728,1.9,2.78
4729,1.87,2.26
4730,1.87,2.26
4731,1.88,2.53
4732,1.88,2.53
4733,1.75,1.84
4734,1.79,1.91
4735,1.83,1.96
4736,1.8,1.91
4737,1.8,1.92
4738,1.83,1.96
4739,1.83,1.96
4740,1.87,2.25
4741,1.88,2.52
4742,1.9,2.77
4743,1.75,1.81
4744,1.95,2.83
4745,1.95,2.82
4746,1.91,2.3
4747,1.92,2.3
4748,1.92,2.56
4749,1.92,2.56
4750,1.8,1.89
4751,1.84,1.95
4752,1.87,2.0
4753,1.85,1.95
4754,1.85,1.96
4755,1.87,2.0
4756,1.87,2.0
4757,1.91,2.3
4758,1.92,2.56
4759,1.95,2.8
